,meals
chicken,658
biryani,459
rice,309
pizza,266
veg,223
fish,177
Biryani,168
coffee,166
ice cream,160
noodles,154
burger,153
paneer,150
cake,141
cheese,136
pasta,136
soup,121
beer,121
gravy,112
prawns,111
spices,109
shawarma,105
water,100
mocktails,98
chocolate,98
chicken biryani,98
veggies,95
oil,95
burgers,95
Chicken,91
sauce,89
corn,84
wings,84
cakes,83
momos,81
curry,79
bread,79
biriyani,78
non veg,75
donuts,75
masala,74
chicken wings,71
cocktails,70
sauces,69
vegetables,66
mutton,65
meat,64
brownies,60
brownie,59
beers,58
chutney,56
salad,56
thali,56
parathas,55
salt,55
pastries,54
shakes,54
raita,53
egg,52
Pizza,52
fries,51
Fish,51
paratha,50
pizzas,50
butter,50
pork,50
onions,50
Rice,50
garlic,48
chicken pieces,47
mandi,47
rotis,46
breads,45
cupcakes,44
Paneer,44
haleem,44
roti,43
Mandi,43
ice creams,43
butter chicken,43
sizzlers,41
tea,41
kebabs,41
butter naan,40
fruits,36
curd,36
nachos,35
Noodles,35
Veg,34
Pasta,33
gulab jamun,33
mutton biryani,33
salads,33
mushroom,33
mayo,33
sandwich,33
cookies,32
icecream,32
waffles,32
shake,32
veg biryani,32
mayonnaise,31
paneer tikka,31
Maggi,31
punjabi,31
chicken burger,31
potato,31
kebab,30
cocktail,30
onion,30
dal makhani,30
Prawns,29
sushi,29
fried rice,29
curries,29
Starters,29
naan,29
cream,29
lassi,28
sweets,28
pancakes,28
Irani chai,27
chicken curry,27
Shawarma,27
sandwiches,27
chicken tikka,26
Mocktails,26
Soup,26
soups,25
mango,25
mocktail,25
Coffee,25
biryanis,25
paneer butter masala,24
tandoori chicken,24
biscuits,24
donut,24
hot chocolate,23
pastry,23
desserts,23
chocolate cake,23
Chicken Biryani,23
Haleem,23
garlic bread,23
lamb,23
tandoori,23
dal,23
pork ribs,22
seafood,22
mushrooms,22
wine,21
Mutton,21
Nachos,21
baby corn,20
Biriyani,20
chicken biriyani,20
Dal makhani,20
Beer,19
shawarmas,19
potato wedges,19
tomato,19
spice,19
french fries,19
sugar,19
paneer lababdar,19
nuts,19
Chicken biryani,19
cheesecake,19
wraps,18
Chocolate,18
lemon,18
kulcha,18
broccoli,18
sizzler,18
milk,18
mint,18
Butter Naan,18
chicken shawarma,18
Mutton biryani,18
Cocktails,18
bones,18
waffle,18
Roti,17
Momos,17
Burger,17
juice,17
French fries,17
prawn,17
curd rice,17
chicken drumsticks,17
ghee,17
Brownie,17
pulao,17
potatoes,17
spinach,17
pineapple,17
coke,17
dal makhni,17
rumali roti,17
paranthas,16
chaat,16
briyani,16
pepper,16
beef,16
tandoori roti,16
garlic naan,16
chole,16
Ice cream,16
Mushroom,15
pickle,15
fruit,15
chicken breast,15
chole bhature,15
vanilla,15
Virgin Mojito,15
Non veg,15
chicken Biryani,15
coconut,14
ice-cream,14
egg biryani,14
sambar,14
tiramisu,14
veg fried rice,14
cucumber,14
Chicken wings,14
peanuts,14
Soups,14
non-veg,14
omelette,14
chicken sandwich,14
mojito,14
mint chutney,14
chicken popcorn,14
maggi,14
Sushi,14
eggs,14
Beers,13
tomatoes,13
dumplings,13
aloo paratha,13
barbeque,13
white sauce pasta,13
milkshakes,13
capsicum,13
croissants,13
bagels,13
ketchup,13
pastas,13
butter garlic prawns,13
cockroach,13
chutneys,13
Tiramisu,12
pulav,12
muffins,12
zomato,12
zomato gold,12
ala carte,12
lettuce,12
cold coffee,12
chilli,12
herbs,12
kheer,12
cup cakes,12
chilli chicken,12
Paneer Butter Masala,12
tofu,12
strawberry,12
bamboo chicken,12
chocolates,12
paneer paratha,12
egg fried rice,12
chicken soup,12
Mojito,12
lemonade,11
KFC,11
Paneer Tikka,11
Mutton Biryani,11
cheese cake,11
Brownies,11
Crispy Corn,11
bagel,11
pork belly,11
croissant,11
cutlery,11
basmati rice,11
chillies,11
ginger,11
Dal Makhani,11
Paratha,11
milkshake,11
carrot,11
Lassi,11
ice,11
beans,11
chicken fried rice,11
Butter chicken,11
Salad,11
Chicken Wings,11
chicken momos,11
lime,11
cabbage,11
dimsums,11
manchurian,11
Irani Chai,11
Mango,10
Manchurian,10
chicken pizza,10
Naan,10
Wings,10
Gulab Jamun,10
coriander,10
litti chokha,10
nuggets,10
alcohol,10
caramel,10
mutton Biryani,10
wrap,10
red velvet,10
Thai curry,10
panner,10
Fries,10
coffees,10
chilli paneer,10
gelato,10
Phuket fish,10
almonds,10
Barbeque,10
bun,10
dum biryani,10
Salads,10
Chole,10
dry ice,10
jalebi,10
dosa,10
Pastries,10
cinnamon,10
liquor,9
lasagne,9
chai,9
virgin mojito,9
Chicken burger,9
tikka,9
Fried rice,9
Kheer,9
babycorn,9
naans,9
paneer curry,9
Chicken curry,9
spring rolls,9
patty,9
cheese balls,9
irani chai,9
Potato wedges,9
cappuccino,9
Manchow soup,9
rice bowls,9
non,9
tomato soup,9
onion rings,9
veg burger,9
Butter Chicken,9
bruschetta,9
manchow soup,9
fish tikka,9
rolls,9
chicken manchow soup,9
chicken lollipop,9
Kebab,9
aloo tikki,9
pav bhaji,9
daal makhni,9
Buffet,9
lime soda,9
lemon coriander soup,9
cream cheese,9
samosa,9
Chole Bhature,8
starters,8
pepper chicken,8
vegetable,8
Bamboo chicken,8
Cheesecake,8
juices,8
Pork,8
Dal makhni,8
spaghetti,8
Veg Biryani,8
white rice,8
parantha,8
stuffing,8
idli,8
apple pie,8
aloo,8
chicken kebab,8
Cakes,8
vanilla ice cream,8
Dal,8
Chicken pieces,8
Pepper chicken,8
papad,8
drumsticks,8
charcoal,8
Maggie,8
tandoor,8
chips,8
Donuts,8
chicken lasagna,8
lemons,8
bamboo rice,8
Tandoori chicken,8
mutton curry,8
kurkure momos,8
banana cake,8
chicken Mandi,8
ravioli,8
white sauce,8
mutton rogan josh,8
Paneer butter masala,8
Lamb,8
Chutney,7
corns,7
banana,7
lobster,7
wedges,7
chokha,7
daal makhani,7
Chicken Nuggets,7
Fish Tikka,7
Chicken Dum Biryani,7
blueberry,7
tikkas,7
dahi,7
chicken momo,7
ice-creams,7
steak,7
orange,7
Chicken tikka,7
butterscotch,7
chicken noodles,7
keema pav,7
coconut milk,7
momo,7
garlic sauce,7
chapatis,7
Cream,7
salan,7
tissues,7
blueberry cheesecake,7
veg manchurian,7
maggie,7
chocolate brownie,7
dragon prawns,7
Baby corn,7
omlette,7
honey,7
Dal Makhni,7
Vegetables,7
Broccoli,7
Kung Pao chicken,7
carrot cake,7
staters,7
soya sauce,7
Tea,7
Deserts,7
Egg fried rice,7
gulabjamun,7
rabdi,7
pan ice cream,7
Chicken Tikka,7
Kebabs,7
Spaghetti,7
wasabi,7
chicken tikka biryani,7
red sauce,7
wild wings,7
chocolate sauce,7
roll,7
thalis,7
red velvet cake,7
Apollo fish,7
Mezze,7
Egg biryani,7
Rotis,7
chicken tikka masala,7
Hyderabadi biryani,7
Tandoori roti,7
Corn,7
fish fingers,6
shorba,6
honey chilli potato,6
veg thali,6
Gulab jamun,6
bikes,6
Coke,6
Shakes,6
Paneer tikka,6
filter coffee,6
gold,6
popcorn,6
Caramel Brownie,6
Chocolate cake,6
Yakhni Shorba,6
Mandi rice,6
cusine,6
biryani rice,6
oyster sauce,6
double ka meetha,6
veg soup,6
cheese toast,6
olive oil,6
kimchi,6
Hyderabadi Biryani,6
seasoning,6
Meat,6
noodle,6
veg curries,6
Mocktail,6
fruit cake,6
Alfredo pasta,6
crab,6
maple syrup,6
Gobi,6
chicken nuggets,6
Garlic bread,6
Shawarmas,6
cardamom,6
dragon chicken,6
Potato,6
red velvet cupcakes,6
rumali,6
Butter,6
chilly chicken,6
soda,6
Raita,6
pista,6
Chole bhature,6
veg biriyani,6
chaats,6
cauliflower,6
veg pizza,6
carrots,6
Dragon chicken,6
Veg Manchurian,6
Thali,6
cockroaches,6
Ravioli,6
halwa,6
apple,6
dates,6
Tandoori,6
panneer,6
g,6
kulchas,6
scrambled eggs,6
Paneer lababdar,6
butter roti,6
black pepper,6
hyderabadi,6
vodka,6
Parathas,6
syrup,6
Pattaya Thai,6
mix veg,6
tangdi kabab,6
dosas,6
laccha paratha,6
Kulcha,6
bowls,6
doughnuts,6
Thai green curry,6
mustard,6
chilli potato,6
shikanji,6
schezwan sauce,6
kulfi,6
salsa,6
tiger prawns,5
macaroons,5
Lemonade,5
kabab,5
chiken,5
lacha paratha,5
thai curry,5
chicken strips,5
Texas BBQ,5
lemon juice,5
maida,5
Chicken lollipop,5
daal,5
Cappuccino,5
butter rotis,5
French toast,5
drinks,5
combos,5
chicken meat,5
Fried Rice,5
kadhai paneer,5
Pancakes,5
black forest cake,5
vada,5
Chicken biriyani,5
Fish fingers,5
paneer makhanwala,5
gravies,5
Nutella,5
Double ka meetha,5
oats,5
Chicken popcorn,5
milk shakes,5
tomato curry,5
olives,5
broth,5
veg pulav,5
shah ghouse,5
kheema,5
Pork ribs,5
Kung pao chicken,5
Biscuits,5
buns,5
whipped cream,5
kababs,5
vada pav,5
chicken legs,5
hakka noodles,5
puffs,5
batter,5
smoothies,5
fish biryani,5
wheat,5
Garlic Naan,5
dough,5
Bruschetta,5
Amritsari Kulcha,5
butter nan,5
Vanilla ice cream,5
Egg,5
Samosa,5
Dragon prawns,5
peach iced tea,5
rubber,5
Honey chilli potato,5
chilli sauce,5
flour,5
Gelato,5
French Fries,5
spoons,5
paneer tikka biryani,5
mushroom soup,5
vanilla ice-cream,5
fish and chips,5
Masala Papad,5
latte,5
Pizzas,5
Sizzlers,5
Rajma,5
non ve,5
tomato sauce,5
tangdi kebab,5
crabs,5
Dragon Chicken,5
litti,5
punj,5
choco chips,5
chocolate brownies,5
nonveg,5
chocolate cakes,5
ice tea,5
Red velvet,5
mojitos,5
Victoria cake,5
Pulav,5
jeera rice,5
kadai paneer,5
chicken steak,5
kung pao chicken,5
water chestnuts,5
lotus,5
bell peppers,5
Chicken Mandi,5
rice bowl,5
Dum Biryani,5
Mexican jerk,5
kofta,5
osmania biscuits,5
red sauce pasta,5
Chicken Tikka Biryani,5
chicken salad,5
Chilli paneer,5
Onion rings,5
Poha,5
sangria,5
Pomfret,5
Cream stone,5
paan,5
Paneer paratha,5
sugar syrup,5
cream stone,5
Waffles,5
chicken stroganoff,5
stone ice cream,5
palak paneer,5
Schezwan chicken,5
Chicken Shawarma,5
faasos,5
mango juice,5
Burgers,5
raitha,5
chicken manchurian,5
sausage,4
Mint Julep,4
Budweiser,4
Chicken kebab,4
Dosa,4
masala papad,4
curry leaves,4
Mint Cooler,4
Gravy,4
aloo kulcha,4
peach,4
Murgh Kalmi Kebab,4
Cocktail,4
Apple pie,4
hotdog,4
kaddu ka kheer,4
Ice,4
Salt,4
veg lasagna,4
Fresh Lime Soda,4
veg Manchurian,4
ginger tea,4
toast,4
carrot halwa,4
Virgin mojito,4
Tangadi kabab,4
hot brownie,4
Chole Bhatoore,4
paneer pieces,4
Aloo,4
chocolate croissant,4
bbq chicken,4
schezwan noodles,4
lamb chops,4
biriyani rice,4
yogurt,4
mint mocha,4
icecreams,4
hash browns,4
keema,4
chopsuey,4
ocol,4
Orange juice,4
mint raita,4
buttermilk,4
Garlic naan,4
mushroom sandwich,4
dry fruits,4
biriyanis,4
Chicken Kabiraji,4
Chilli chicken,4
chicken starters,4
Rumali,4
Cake,4
fruit exotica,4
french toast,4
coriander leaves,4
H Biryani,4
Chicken Nachos,4
Cheese,4
corn cubes,4
Zomato gold,4
Biryani rice,4
Bangla Kodi,4
chicken tikka pizza,4
veg starters,4
lasagna,4
Nawabi Pizza,4
gin,4
Dum biryani,4
sausages,4
kaju pulao,4
jumbo chicken wrap,4
kadai chicken,4
Chilli Paneer,4
Kung Pao Chicken,4
manchuria,4
Litti chokha,4
chicken tandoori,4
penne,4
Briyani,4
green chutney,4
veg curry,4
Masala Fries,4
chapati,4
amritsari kulcha,4
bhature,4
chocolate pastry,4
Pina Colada,4
dum,4
blueberry cheese cake,4
tomato ketchup,4
banana leaf,4
i,4
chilli fish,4
lemon garlic,4
almond,4
crab meat,4
lemongrass chicken,4
Beef,4
palak,4
spring roll,4
mango lassi,4
Corn cubes,4
white,4
Pepsi,4
gobi,4
BBQ,4
White sauce pasta,4
pomfret,4
masala kulcha,4
tiffin,4
Shahi Tukda,4
Oreo shake,4
chocolate ice cream,4
kaddu ki kheer,4
chicken mandi,4
doughnut,4
cinnamon roll,4
Omelette,4
stags,4
Bread,4
fried chicken,4
Mushroom soup,4
sponge,4
club sandwich,4
Ice tea,4
masala fried prawns,4
Bamboo Chicken,4
kulfis,4
paste,4
cricket,4
Mutton Haleem,4
chicken kebabs,4
Chicken Tandoori,4
chicken sizzlers,4
pudina chutney,4
malai kofta,4
Veg Pulao,4
Chicken Afghani,4
chicken sizzler,4
spoon,4
rava dosa,4
Mushrooms,4
chicken leg pieces,4
chicken butter masala,4
risotto,4
grill chicken,4
Chicken Burger,4
Liquor,4
Curd,4
Dal tadka,4
Chicken pulao,4
cheesy fries,4
rajma,4
orange juice,4
cashew nuts,4
dips,4
corn soup,4
Thai Green Curry,4
mutton biriyani,4
mint leaves,4
veg noodles,4
chat masala,4
Banana bread,4
puri,4
cheesecakes,4
th,4
cream cheese frosting,4
Hakka noodles,4
Dragon Prawns,4
fruit punch,4
Orange,4
Gobi paratha,4
Poori,4
Pork Ribs,4
Biryanis,4
chocolate shake,4
Mexican Jerk,4
ler,4
mosquitoes,4
Kit Kat,4
citrus,4
ve,4
fish fry,4
Teriyaki chicken,4
deserts,4
Cheese Broccoli,4
Cheese cake,4
chicken dum biryani,4
red velvet brownie,4
caesar salad,4
Teriyaki Chicken,4
pan cakes,4
cherry,4
rajma chawal,4
chilly paneer,4
pomegranate,4
Arabian Chicken Soup,4
fish n chips,3
veg sizzler,3
iki,3
cutlet,3
peri peri chicken,3
Zomato,3
whiskey,3
Peri peri chicken,3
salsa sauce,3
Sambar,3
mushroom masala,3
Murrel,3
garlic fried rice,3
ribs,3
bone,3
ferrero rocher,3
cheeses,3
Kalbi Bokum,3
punjabi butter chicken,3
Raju gari kodi pulao,3
konaseema,3
Desserts,3
Fish n Chips,3
chops,3
coconut cream,3
littis,3
chili fish,3
Soba noodles,3
sesame seeds,3
ramen,3
Mutton pieces,3
Panner,3
Amritsari kulcha,3
hazelnut coffee,3
iced tea,3
chur chur naan,3
Thalis,3
Chicken Salad,3
Litti Chokha,3
Nuggets,3
chicken dum biriyani,3
American Chopsuey,3
Flat noodles,3
Chicken Fry Biryani,3
Combos,3
black bean sauce,3
samosas,3
Iced tea,3
Mayo,3
bibimbap,3
Dimsums,3
martini,3
pachadi,3
Naans,3
gajar ka halwa,3
Thai red curry,3
handi,3
ritam,3
Masala,3
pulaos,3
Dotsol Bibimbap,3
mirchi ka salan,3
Onion,3
Chicken pizza,3
Mayonnaise,3
Afghani chicken,3
paneer makhani,3
rasam,3
chili,3
mutton kebabs,3
non veg sizzler,3
Sauce,3
Vada pav,3
Paneer Makhani,3
nans,3
seasonings,3
finger bowls,3
Kaju,3
dhaba chicken,3
red chillies,3
Kadhai paneer,3
crab curry,3
booze,3
Fish Finger,3
MOCKTAILS,3
dimsum,3
falafel,3
Eggs,3
veg kebab,3
wing,3
stones,3
shrimp,3
dahi papri,3
curly fries,3
tarts,3
lollipop,3
Ice-cream,3
cashews,3
crab meat soup,3
kurkure,3
Strawberry Mocktail,3
Chocolate Fondant Cake,3
Peri Peri fries,3
Belgian Kriek,3
Hara bhara kebab,3
flies,3
butter milk,3
Schezwan noodles,3
dominos,3
Kotha Kodi,3
omelet,3
Pastas,3
Crispy corn,3
chicken kurkure Momo's,3
quesadilla,3
judwa paneer,3
cheese poppers,3
Patiala lassi,3
Kurkure Momos,3
mongolian chicken,3
Aloo paratha,3
kaju biryani,3
Ghee,3
chicken stew,3
paneer gravy,3
Chilli cheese toast,3
tissue,3
payasam,3
Paneer Biryani,3
stone,3
bamboo shoots,3
Grill Fish Tikka,3
chocolate syrup,3
babycorns,3
chicken leg,3
Mix veg,3
omelettes,3
sweet corn soup,3
junnu,3
Achari paneer,3
poha,3
schezwan egg fried rice,3
barbecues,3
Tangdi kebab,3
veg manchuria,3
Caesar salad,3
Keema curry,3
litchi,3
chicken lollypop,3
veg dimsums,3
barbecue,3
hot chocolate sauce,3
pav,3
Lamb Chops,3
fruit salad,3
mustard sauce,3
jaljeera,3
pineapple cake,3
Phirni,3
paneer tikka masala,3
lemon chicken,3
Sp,3
milk shake,3
phirni,3
Fruit punch,3
chocolate donuts,3
chicken bbq mandi,3
kimbap,3
Butter milk,3
choco lava,3
Murg Malai Kebab,3
be,3
chicken sweet corn soup,3
firni,3
Fish and Chips,3
lemon grass,3
pan kulfi,3
pancake,3
red Thai curry,3
Shorba,3
macaroni sandwich,3
Jeera Rice,3
Fish tikka,3
Jasmine rice,3
lobsters,3
Paneer Papdi Kebab,3
fish curry,3
hot dog,3
red velvet pastry,3
Gobi Manchurian,3
Dal Fry,3
squid,3
mezze,3
chicken starter,3
Chicken Curry,3
gobi chilli,3
thai green curry,3
alfredo pasta,3
mutton mandi,3
drum sticks,3
Apricot,3
Pulao,3
Kitkat Shake,3
Veg soup,3
brew,3
barbecue sauce,3
cheese corn parantha,3
draught beer,3
apple cider beer,3
Carrot cake,3
Mandis,3
yoghurt,3
sourdough bread,3
paneer bhurji,3
cornflour,3
bread crumbs,3
basil,3
wheat beer,3
Chicken fried rice,3
Dal Makh,3
egg noodles,3
drums,3
Veg Greek Salad,3
teas,3
Curry,3
paya,3
Cloves,3
chicken piece,3
kachori,3
cheese garlic bread,3
Chicken drumsticks,3
tomato chutney,3
veg manchow soup,3
water chestnut,3
Prawns Phad Thai Noodles,3
Tundey kebab,3
honey chilli potatoes,3
Nargisi Kofta,3
chicken biryani boneless,3
turmeric,3
butter naans,3
Patrani Fish,3
Gosht Seekh Kebab,3
paneer burger,3
mutton shorba,3
Chicken Biriyani,3
nut,3
Chicken Tangdi,3
Toffee banana,3
mock tails,3
Kashmiri Pulao,3
Curry leaves,3
schezwan fried rice,3
tomato gravy,3
spare ribs,3
dark chocolate,3
paella,3
parathe,3
oat,3
lucknowi biryani,3
chicken Tikka biryani,3
Tandoori Chicken,3
Spinach,3
Chicken tikka biriyani,3
chicken Tikka,3
Cupcakes,3
keema biryani,3
insects,3
cheese broccoli,3
ani,3
Oreo Shake,3
egg biriyani,3
biryani's,3
chilli cheese toast,3
chicken manchuria,3
Paneer tikka masala,3
Pizza wrap,3
Pork Chops,3
thickshakes,3
Biryani's,3
chicken curries,3
Margarita,3
gachibowli,3
Jumbo chicken wrap,3
flechazo,3
fasoos,3
pudding,3
veg cutlet,3
chocochip cookies,3
Belgian waffles,3
peppers,3
Tawa fish,3
gongura chicken,3
Mutton curry,3
peanut,3
ambeince,3
kritunga,3
veg munchurian,3
Lasagne,3
pita bread,3
motorcycles,3
Hazelnut,3
mocha,3
Veg manchurian,3
pesto pasta,3
chocolate mousse,3
Nan,3
Pani Puri,3
chocolate milkshake,3
Bagel,3
Veg biryani,3
berries,3
double masala,3
Oreo,3
roties,3
panner biryani,3
butter Naan,3
popcorns,3
chicken briyani,3
kaju paneer,3
Rice bowls,3
lamb burger,3
desi,3
dum Biryani,3
punjabi chicken,3
vinegar,3
salmon,3
panini,3
Carrot Cake,3
drumstick,3
veg mini dragon rolls,3
pesto,3
murgh musallam,3
chocolate donut,3
Malai kofta,3
zucchini,3
lotus stem,3
paneer tikka masala roll,3
Poppy corn,3
Sikampuri kebab,3
dip,3
Jade chicken soup,3
haka noodles,3
Tandoori Mushroom,3
cup cake,3
pani puri,3
soy,3
hyderabadi biryani,3
Chicken Pan Fried Noodles,3
Pot rice,3
watermelon,3
Punjabi Butter Chicken,3
Keema Pav,3
Pad Thai,3
Chicken boneless biryani,3
cookie,3
Veggies,3
Veg Biriyani,3
chicken tikka biriyani,3
red velvet cupcake,3
Tofu,3
chocolate truffle,3
green apple,3
cashew,3
veggie,3
onion samosa,3
Shahghouse biryani,3
custard,3
Prawn,3
Chicken Taco,3
Chilli prawns,3
Salan,3
cupcake,3
chilli prawns,3
behrouz biryani,3
veg sweet corn soup,3
Wok tossed chicken,3
Lukmi,3
Mint,3
apolo fish,3
Crispy veg,3
thyme,3
Chilly Chicken,3
dum ghost biryani,3
paneer biryani,3
fruit biscuits,3
Sandwich,3
egg hakka noodles,3
Mutton Galouti,3
Tom yum soup,3
ginger cola,3
rumali shawarma,3
BBQ chicken,3
shrimps,3
Hummus,3
cucumbers,3
Sikandari Raan,3
Chai,3
lachha paratha,3
alakarte,3
Chicken Alfredo Pasta,3
Kaju Biryani,3
liqueur,3
shots,3
Bun Maska,3
Black Bean Sauce,2
Paneer biriyani,2
godavari royyala vepudu,2
cheesey chicken,2
pie,2
Chicken stick Mandi,2
Almond,2
tatse,2
Lasagna,2
chicken jumbo wrap,2
Maida,2
burger patty,2
chocolate truffle cake,2
croutons,2
chopsticks,2
Chowmein,2
veg mandi,2
double chocolate,2
melt paneer wrap,2
araoke,2
mutton dum biryani,2
hazelnut,2
Dum ki chai,2
plants,2
maincource,2
Chicken Haleem,2
Cold coffee,2
minty mango,2
capuccino,2
Veg manchuria,2
Currys,2
cheese paneer roll,2
dra,2
Apple cooler,2
Sanghai Fried Rice,2
pieces,2
khoya,2
Patty,2
pasta sandwich,2
Murgh Methi,2
Nalli Nihari,2
double pepper lamb,2
toothpaste,2
cheese kulcha,2
Kababs,2
glass tumblers,2
parmesan,2
hyderabadi dum biryani,2
aloo parantha,2
poori sabzi,2
chicken cheese shawarma,2
leaf,2
lachcha parantha,2
Red Velvet cup cakes,2
ulavacharu biryani,2
Chicken starter,2
Raju gari kodi pulav,2
Tandoori fish tikka,2
non-veg biryani,2
mutton seekh kebab,2
Spicy Garlic,2
jalapeno cheese poppers,2
Dal combo,2
basil chicken,2
Cookies,2
Gongura Chicken,2
Cinnamon,2
Sizzler,2
fish Mandi,2
coals,2
panner kulcha,2
cream cheese bagels,2
Popcorn Chicken,2
paneer kulcha,2
ginger pickle,2
Patiala Chicken,2
gobhi paratha,2
burger buns,2
sweet lassi,2
mint raitha,2
Lamborghini,2
Bangla kodi,2
Chicken BBQ Tikka,2
chicken tikka kabab,2
lemon pepper,2
Garlic Bread,2
tangdi,2
Glass onion,2
Macaroni Pink Grilled Chicken Pasta,2
kodi vepudu,2
kingfisher,2
Dum,2
gongura,2
greens,2
Gongura,2
baklawa,2
walnuts,2
puris,2
bamboo stick,2
Triple Chocolate cake,2
bangla kodi,2
Paneer Lababdar,2
dil pasand,2
Mutton shorba,2
Chicken BBQ Mandi,2
masalas,2
mocha walnut,2
Rara Ghost,2
mushroom omelette,2
butter crossiant,2
mawa cake,2
prawn biryani,2
ulavacharu chicken pulao,2
Jumbo veg wrap,2
bacon,2
masala peanuts,2
Tangri Kebab,2
chicken salt and pepper,2
muffin,2
veg puff,2
shahi paneer,2
punjabi chicken curry,2
cars,2
Reshmi Chicken Kebab Wrap,2
Pakoda,2
chicken dum,2
kodi pulao,2
Veg Tikka,2
mints,2
Paya,2
Lemon,2
margherita pizza,2
Honey Chilli Chicken Wings,2
Curd Rice,2
Wraps,2
craft beers,2
chicken kabab,2
Galaxy burger,2
Chettinad chicken,2
Dim Sum,2
dal fry,2
chicken farcha,2
Egg wrap,2
smoked butter chicken combo,2
Chilly chicken,2
Greek pizza,2
kadai paneer gravy,2
Lemon Pepper Fish Tikka,2
tiki,2
Chilly corn,2
podi,2
forks,2
Veg Shami,2
brinjal curry,2
Calvados,2
sikanji,2
matar paneer,2
spl chicken biryani,2
chicken pulav,2
Rajma chawal,2
Ragi muda,2
veg Thali,2
brinjal,2
fry pieces biryani,2
cosmic burger,2
matar mushroom,2
non veg nachos,2
honey crispy chicken,2
saffron,2
Kafuli,2
Sesame Chilli Chicken,2
Tangdi Chicken,2
chilli garlic noodles,2
Kritunga,2
Pineapple,2
omlet,2
shaam savera,2
chicken haleem,2
sherva,2
Veg Manchow soup,2
gravey,2
Tropical Delight,2
keema pulao,2
red chilli powder,2
salt and pepper prawns,2
ragi sangati,2
Manchow Soup,2
manchurian balls,2
peshawari chicken,2
ravioli pasta,2
bbq chicken mandi,2
bun maska,2
Jalebi,2
Raj,2
Chicken nuggets,2
Wine,2
paneer masala,2
Mac n Cheese wrap,2
Chicken Manchurian,2
Shepard's pie,2
prawns biryani,2
sambar rice,2
non veg Biryani,2
cigarette,2
paisa vasool,2
margarita,2
double cheese margherita,2
Tandoori rotis,2
wines,2
Bull frog,2
enchiladas,2
Singhada ke aloo parantha,2
jilebi,2
Apple Pie,2
Malai Broccoli,2
red velvet cheese cake,2
Rasmalai,2
Mawa Cake,2
Hot,2
Crunchy curd cutlet,2
Veg mandi,2
capacuino,2
Vanilla Ice cream,2
BBQ Chicken Mandi,2
shawerma,2
chicken nachos,2
pot,2
Mock tails,2
Murg Biryani,2
Sabudana vada,2
Paneer curry,2
andhra chicken,2
Galouti,2
Bhami Goreng,2
cola,2
Margherita pizza,2
chilly flakes,2
Non Veg,2
Schezwan Chicken,2
Mawa cake,2
chicken lollipops,2
Gulaabi Chaap,2
blueberry sauce,2
banana leaves,2
gulab jamuns,2
masala omelette,2
mutton Haleem,2
RAW CHICKEN,2
badam,2
paneer pizza,2
bbq,2
bamboo,2
blue lagoon,2
semi gravy,2
Butter Paneer Masala,2
margarita pizza,2
Honey chilli chicken wings,2
Bira,2
grape juice,2
sabudana kheer,2
ice Cream,2
s,2
NAANS,2
Tandoori naan,2
Virgin pina colada,2
Cucumber n mint,2
Tikka biryani,2
Orange delight,2
galauti kebab,2
Corona,2
Mint chutney,2
Tiger prawns,2
appollo fish,2
cheese omelette,2
sprouts,2
Chili chicken,2
chocolate ganache,2
butterscotch cake,2
potato starter,2
Black current,2
veg Manchuriyan,2
choco lava cake,2
blazin sauce,2
Miriyala Natukodi vepudu,2
malai chicken,2
Belgian Beer,2
Desert,2
Nawabi Shikampuri Kebab,2
Chicken Wonton,2
Black Pepper,2
chocolate sizzler,2
Kalmi kabab,2
Nutella waffle,2
minestrone soup,2
paya shorba,2
blue berry cheese cake,2
cheese nuggets,2
Masala Kulcha,2
banjara kebab,2
Cilantro Fish,2
wada,2
potato chips,2
Schuimzuiper,2
Vada,2
La Trappe Witte,2
soy sauce,2
honey chilly potato,2
Chicken Yakitori,2
Erdinger Weisbier,2
Belly dance pizza,2
Chambourlette,2
egg Maggi,2
malai sandwich,2
Manchurian corn,2
Chicken fried Maggi,2
lemon wedges,2
pita breads,2
crockery,2
Chilly garlic noodles,2
green curry,2
iryani,2
Devils Chicken,2
balls,2
Zafrani Chicken Biryani,2
almond cake,2
chilli flakes,2
basmathi rice,2
khari,2
Bounty milk shake,2
baklava,2
Schezwan Paneer,2
La,2
humus,2
fryums,2
Blueberry cheesecake,2
ceaser salad,2
Vanilla Ice Cream,2
mushroom risotto,2
kaju paneer curry,2
Choco lava cake,2
omato,2
Peri Peri,2
golden prawns,2
bacon pizza,2
Chicken momos,2
paya soup,2
egg double chicken,2
sandwich bread,2
watermelon juice,2
top ramen,2
Andhra Pepper Chicken Pizza,2
Lamb Ravioli,2
cilantro fish,2
ball,2
G,2
Thai Curry,2
broccoli nuggets,2
M,2
Chilli Garlic Prawns,2
Veg biriyani,2
pulavs,2
Nizami Handi,2
Pasta Alfredo,2
tamarind,2
Fish soy chilli,2
Veg Seekh kebab,2
Potpourri Royyala Vepudu,2
Gongura Mamsam,2
kurkure momo,2
plastic spoons,2
Chimichuri Pan Fried Fish,2
Chicken tikka biryani,2
Butter Naans,2
button mushroom,2
Tawa Fish,2
chicken dumpling,2
Thai Basil Prawns,2
Chocolate Fondue Cake,2
kodi pulav,2
Breads,2
gajar halwa,2
hummus,2
kurkure chicken momos,2
pina colada,2
Mutton Rogan,2
alacarte,2
Ice creams,2
Spinach and cheese cream ravioli,2
Curries,2
Barbar Blond,2
mutabak,2
parmesan cheese,2
Ceasar salad,2
pizz,2
mexican chicken,2
panneer biryani,2
Pulavs,2
rasmalai,2
Orange Chicken,2
chicken Maggi,2
veg momo,2
veg momos,2
Chicken fry pulav,2
coconut oil,2
Mutton Sukha,2
Momo,2
panner kabab,2
Pathar ka ghost,2
Reshmi kebab,2
Malai kebab,2
mango mocktail,2
choclate,2
Lazeez Bhuna Murgh Biryani,2
methi chicken,2
amazon wild,2
j,2
Kodi kura,2
tenderloin burger,2
belgium chocolate,2
Arabian Chicken soup,2
Americano,2
Cilantro fish,2
Chicken pahadi,2
hot n sour soup,2
Butter naan,2
paneer papdi kebab,2
drum stick biriyani,2
mutton Mandi,2
Paneer papdi kebab,2
Mutton Juicy Mandi,2
meat pieces,2
telengana,2
Chocolate truffle,2
ghost biryani,2
Quattro Formaggi,2
hot dogs,2
shahi tukda,2
bread rolls,2
tex-mex burger,2
corn chilli pepper,2
bagara rice,2
alu parathas,2
kitkat shake,2
ine,2
makhni,2
ice cube,2
mandi rice,2
Chicken Fried Burger,2
omlettes,2
hot chocolate brownie,2
cheese and chilli toast,2
chana masala,2
Veg burger,2
sundae,2
Original Hot,2
rajma masala,2
Lemon corriander soup,2
Nutella Brioche,2
Kadhi,2
ulavacharu chicken biryani,2
chocolate frosting,2
Double Ka Meetha,2
Filter coffee,2
veg paneer biryani,2
mushroom biryani,2
Paneer kulcha,2
Gongura chicken,2
walnut,2
Arabian Mutton Soup,2
Lemon Coriander Soup,2
Th,2
Chicken Pahadi Kebab,2
Bagara Rice,2
Paneer Pahadi Kebab,2
breadcrumbs,2
Triple chocolate cake,2
almond pieces,2
Banana Cake,2
hazelnuts,2
Butter garlic prawns,2
Chilly Basil Prawns,2
Chilly Paneer,2
upma,2
Dubbel,2
CRISPY CORN,2
Achari Paneer Tikka,2
finger bowl,2
egg soft noodles,2
dal tadka,2
peri peri chicken shawarma,2
snacks,2
Thai curry sauce,2
biscuit,2
penne pasta,2
raisins,2
nalli,2
Malai chicken tikka,2
sugar water,2
Cilantro Grilled Fish,2
chicken drum sticks,2
Fruit Biscuits,2
tai Pai chicken,2
dahi puri,2
ORANGE CHICKEN,2
kimchi fried rice,2
Pan fried noodles,2
Choco Lava cake,2
scallion rice,2
Arabian chicken soup,2
spaghetti pasta,2
Chilli broccoli,2
Fried Idly,2
paneer pasanda,2
chicken hariyali kabab,2
mamasam pachadi,2
Kothimeera chicken,2
mandis,2
chicken tandoori biryani,2
Veg sheekh kebab,2
Shawarma wrap,2
Veggie  burger,2
corn squares,2
Chilli basil prawn,2
Tangdi Kebabs,2
Ice Cream,2
Fish hariyali,2
Golden Fried Babycorn,2
Chicken Shorba,2
Apple muffin,2
Kit Kat shake,2
bukhara,2
chocolate roulade,2
Muffins,2
kit Kat shake,2
Jilebi,2
mushroom moti tikka,2
Tomato soup,2
Wings Biryani,2
Paneer tikka Biryani,2
chicken mughlai,2
mutton pieces,2
Marsala,2
paneer sandwich,2
grass,2
Veg noodles,2
kitkat,2
curry cream risotto,2
Basa fish tikka,2
Paneer Papdi Kabab,2
strawberry mojito,2
jasmine rice,2
texas bbq chicken wings,2
khema biryani,2
Punjabi Paneer tikka,2
non alcoholic beer,2
golgappe,2
non veg curries,2
barbeques,2
Sev puri,2
cranberry juice,2
Dahi kachori,2
tikki,2
Caramel,2
chicken tikka pockets,2
Golgappe,2
potato flakes,2
tawa fish,2
chicken teriyaki,2
bread omelette,2
oreo,2
pinacolada,2
mutton keema,2
p,2
skewers,2
gravy and curd,2
Thukpa,2
Cookie,2
mixture,2
khimchi,2
cusines,2
sweet chutney,2
sabza seeds,2
mixed fried rice,2
pear,2
Coffees,2
Smoked Pork,2
litti chowcha,2
butter croissant,2
Panner Tikka,2
poori,2
butterscotch pastry,2
Apple cider,2
Raan,2
pickles,2
roti's,2
Mutton Roganjosh,2
basmati,2
Penne arrabiata,2
English Lamb Panini,2
Butter Croissant,2
biiyani,2
Pesto roast vegetables pizza,2
ali,2
beque,2
Chholey calzone,2
lichi shake,2
Ramen,2
rum,2
cornflakes,2
Bibimbap,2
lamb pizza,2
spinach omelette,2
risens,2
Tandoori Aloo,2
gelatos,2
mashroom,2
Apple cider beer,2
Bacardi,2
mutton Rogan,2
Steak,2
Fish n chips,2
litti choka,2
pineapple mocktail,2
Stuffed mushrooms,2
Mixed Fried Rice,2
Singapore Noodles,2
Pan ice cream,2
macarons,2
Chicken Fried rice,2
banana ginger milkshake,2
Biryani Rice,2
Chicken quiche,2
Screw,2
dal chawal,2
guava,2
Chopsuey,2
mint sauce,2
Mocha,2
coriander sauce,2
chicken gravy,2
Chicken Wet,2
Minty Cucumber,2
Kimchi,2
veg nizami,2
finger sticks,2
Mint o fruit,2
manchow,2
mashed potato,2
onion raita,2
Crunchy Blue & Berry,2
Dumplings,2
lime juice,2
jalapeno poppers,2
chana chaat,2
Chicken Rajiala,2
Vodka,2
Veg thali,2
Hakka Noodles,2
seekh kebabs,2
veg pulao,2
ginger chicken,2
Ginger chicken,2
Reshmi Kebab,2
Egg curry,2
Jumbo Pack Biryani,2
caramel custard,2
butter garlic prawn,2
Kadai Chicken,2
Apollo Fish,2
Chilli Garlic,2
Singapore noodles,2
kishmish,2
creams,2
wolly chicken,2
Mushroom sizzler,2
dim sum,2
slushies,2
Wakto Cylindo Chicken,2
Tacos,2
Spanish Omelette,2
oranges,2
mayonise,2
Guava,2
Butter garlic prawn,2
ramyun,2
lemon grass chicken,2
De,2
Kaju masala,2
Ramyun Noodles,2
dates pudding,2
nutella,2
cheese mushroom,2
gyoza,2
Veg fried rice,2
Chats,2
Tandoori Broccoli,2
Hyderabadi Tawa Fish,2
coriander soup,2
ice creme,2
anjeer,2
cold coffees,2
gol gappe,2
Chaats,2
palak chat,2
pices,2
sarson ka saag,2
hot and sour soup,2
fishes,2
Aloo kulcha,2
chilly potato,2
Indian masala,2
Mushroom fried rice,2
bamboo shoot,2
Fish fillets,2
thai green chicken curry,2
teriyaki chicken,2
iced coffee,2
nutella brownie,2
beef curry,2
garlic paneer,2
Tangdi Kebab,2
chapa,2
hara bhara kabab,2
Egg Noodles,2
Butterscotch pastry,2
Aloo onion paratha,2
paneer tikka pizza,2
Fruit,2
sundaes,2
paneer tikka roll,2
pannier,2
chicken drums of heaven,2
Goan prawn curry,2
Palak Paneer,2
palm sugar ice cream,2
Prawn crystal wraps,2
egg puff,2
Gyoza,2
hazelnut iced coffee,2
chicken patties,2
uts,2
Chilli potato,2
hair,2
Manchurian sauce,2
Moong dal halwa,2
creamstone,2
beef chilly fry,2
rainbow,2
thick shake,2
Cream Stone,2
dounuts,2
Green salad,2
dounut,2
red wine,2
chicken cheese burger,2
chole kulche,2
chicken burgers,2
chicken roll,2
Willy Wonka,2
veg sandwich,2
Nizami handi,2
key lime tart,2
Chili Gobi,2
Butter garlic fish,2
Chole Bature,2
chilli powder,2
bhel puri,2
corn paratha,2
teriyaki bowl,2
mughlai,2
Sangria,2
Sikendari Raan,2
Veg Hakka Noodles,2
Paneer paranthas,2
Lehsooni Murgh tikka,2
Veg Burmese rolls,2
sourdough,2
patiyala lassi,2
oreo shake,2
nuttela,2
Halwa,2
Dahi Vade,2
apple cider,2
vegetables in Black pepper sauce,2
Farmer Chicken pizza,2
aloo Tikki,2
prawns curry,2
sev batata puri,2
munchies,2
whipping cream,2
hazelnut latte,2
Patiala Lassi,2
basil seeds,2
fruit cakes,2
mushroom manchurian,2
bhatoore,2
bhelpuri,2
Burmese rolls,2
Afghan Kebab,2
prawn curry,2
bhaji,2
soyabean paste gravy,2
Punjabi Paneer Tikka,2
icreams,2
chicken tikka burger,2
spaghetti aglio olio,2
Pathar,2
chole curry,2
bebinca,2
Sandwiches,2
Chole bhatoore,2
paneer Manchurian,2
pepper sauce,2
Hariyali Paneer Tikka,2
chilli baby corn,2
Paani,2
Sauces,2
red chutney,2
Aloo Tikki,2
anth,2
ramyun noodles,2
dahi papdi chaat,2
malai,2
papdi,2
Bosam,2
stout,2
piri piri,2
litti chokka,2
virgin colada,2
paneer chilli,2
veg mix,2
non-veg soups,2
honey glazed potato balls,2
veg falafel,2
Tender chicken,2
mint Oreo,2
Chiken biryani,2
mangoes,2
mozarella cheese,2
Strawberry Mojito,2
choco brownie,2
moong dal halwa,2
Nasi Goreng,2
Pesto rice,2
Hyderabadi Chicken,2
Nawabi pizza,2
Bhi bhar gaya,2
Masala cola,2
barbeque chicken,2
Ferrero Rocher,2
chicken spring roll,2
Murg Musallam,2
Fish fry,2
punjabi thali,2
Murgh lasooni Kali Mirch tikka,2
ala-carte,2
malai kebab,2
angara kebab,2
Mango mule,2
cereals,2
chicken patiala,2
birayani,2
Zinger burger,2
challan,2
Chicken Broccoli Melt,2
Stuffed Bell Peppers,2
Kalmi kebab,2
jams,2
Murg Musalam,2
darsaan,2
tomato salsa,2
Kadai paneer,2
moongdaal,2
chicken Biriyani,2
Moong daal cheese chilla,2
flakes,2
tandoori rotis,2
Sikanderi raan,2
Achari daal croquette,2
Chelo kebab,2
galouti kabab,2
meats,2
Mix Veg,2
Makki ki Roti,2
Non-veg,2
toblerone,2
Chiken biriyani,2
Ginger cola,2
Saag,2
chocolate volcano,2
Kiwi,2
Mutton Shami Kebabs,2
kiwi,2
Shikanji,2
green chillies,2
Tandoori Roti,2
Sik,2
burfi,2
parata,2
Kadai Paneer,2
Alfredo Pasta,2
Mutter Paneer,2
Chicken Pizza,2
sesame,2
Peanuts,2
Lemon pepper Chicken tikka,2
Puffs,2
BBQ Chicken Wings,2
ari,2
Tuglaq biryani,2
Boneless chicken biryani,2
Biryan,2
Stir Fried Vegetables,2
Chopsey,2
Tofu curry,2
Veg Spring Salad,2
Chicken Momo,2
Black Pin,2
Paneer Tikka Masala,2
Sabzi Nawabi Handi,2
Mutton Rogan Josh,2
Sicilian Pizza,2
Malai fish tikka,2
zeera rice,2
chicken chilli,2
sabz sheek kebab,2
h,2
Butter rotis,2
Achaari Paneer Tikka,2
rice kheer,2
Raans,2
Shu mai dumplings,2
Tikka,2
grease,2
Manchuryia,2
essert,2
Veg Lasagna,2
Pinacoladas,2
sp,2
Basket biryani,2
Vegetable Pulao,2
Burmese khow suey,2
Veg Seekh Kebab,2
corn kebab,2
Dal Tadka,2
Tomato sauce,2
Kung puo chicken,2
red chilli,2
Jeera rice,2
Nasheman,2
leg pieces,2
sambhar,2
ulvacharu chicken,2
blueberry cake,2
Yakhni shorba,2
Chocovala,2
popcorn chicken,2
wanton soup,2
icecrm,2
poppy corn,2
icy latte,2
Paneer Pasanda,2
chicken malai kebab,2
Sambhar,2
Coconut chutney,2
mantu sarvice,2
coriander chutney,2
marinade,2
Farmers omlette,2
veg hot dog,2
chicken satay,2
sweet corn,2
Cajun potato,2
Crushers,2
kurma,2
veg pizza bun,2
corn kernels,2
tom yum soup,2
peri-peri,2
Masala Dosa,2
Mango lassi,2
Sikanderi Raan,2
cottage cheese,2
egg pellets,2
liquors,2
aglio olio,2
Merry cherry,2
ceramic bowls,2
taco,2
pottery,2
jayanta,2
ripan,2
Virgin Colada,2
ginger lemon,2
Ceaser salad,2
Thyme,2
sushis,2
appam,2
lemon soda,2
stew,2
Poppy cherry,2
Wolly chicken,2
Chicken Bamboo Rice,2
cappuccinos,2
Chicken Tikka Masala,2
mix Chinese chopsuey,2
pad Thai,2
bombay sandwich,2
butter garlic naan,2
Veg Thali,2
Starter,2
Dosas,2
chicken dimsums,2
Hakka chicken,2
Coffee Hazelnut,2
Brocolli,2
paneer ki sabzi,2
quiche,2
egg omelette,2
garlic peels,2
garlic noodles,2
veg/nonveg,2
peas pulav,2
Schezwan rice,2
vadas,2
Afghani chicken biryani,2
mushroom quiche,2
garam masala,2
chicken Stroganoff,2
FC,2
Merry Cherry,2
spring onions,2
non veg n veg strters,1
blue sea,1
Oriental chicken,1
Black Forest Cake,1
gum paste flowers,1
Thai soup,1
hot chilli,1
Prawns parsely dry,1
STARTERS,1
joy cake chocolate,1
Signature Fish in,1
patiala shahi paneer,1
kaju aur bhutte ki seekh,1
veg nuggets,1
Signature Fish in Phuket Sauce,1
chicken lasagna pasta,1
Lahsooni Murgh Tikka,1
Fish Prawns,1
Kungpow chicken,1
ala crate,1
hip,1
S BAKERS,1
MANGO PASSION FRUIT,1
butter chicken burger,1
sanghai prawns,1
Murg Badami Shorba,1
Murgh Haryali Tikka,1
kai,1
pastrie,1
chilli basil Chiken,1
Shanghai Prawns,1
chicken tikka hotdog,1
Kung Pao fish,1
Kaju aur bhutte ki seekh,1
Chilli Chicken Prawns Shrimp,1
chicken puff,1
Orange creamed PASTRIE Pista creamed pastrie Ice cream,1
murgh angara tikka,1
chicken grilled sandwich,1
Machuria,1
aloo tikki burger,1
Choco chip cake,1
black pin,1
chocolate sandwich,1
mini veg pizza,1
Chicken Biriyani Panner butter Masala Veg Pulao,1
SALAD,1
Chilli garlic noodles,1
veg spring salad,1
manchow fried rice,1
Patiala Shahid paneer,1
dumpling,1
Aloo burger,1
bournvita cake,1
sanghai praws,1
Nyonya,1
onion tomato gravy,1
bamboo fried rice,1
Garlic rice,1
chilli basil chicken,1
black pin chicken,1
a,1
Coconut creamed biscuit Coconut,1
egg paneer,1
mint lemon,1
Ajwain paratha,1
chicken thikka roll,1
coconut puree,1
Burgers buns,1
corn puff,1
Chinken Nazakat,1
Chilli Garlic Noodles,1
kalmi Kabab,1
gms chocolate pastry,1
Chicken Roll,1
Sabzi Dum biryani,1
Ginger Fried Rice,1
Crabmeat Soup,1
honey pepper sauce,1
pizaa,1
veg white sauce pasta,1
Yellow Dal Tadka,1
palak paneer puff,1
Batman Cake,1
veg hakka noodle,1
Murgh Dum biryani,1
Vegetable Samosa,1
Mutton do Pyaza,1
Chicken Thai red curry,1
Murgh Lababdar,1
butter scotch pastry,1
puff pastry,1
Chicken Nazakath,1
Veg hot dogs,1
LIIT,1
Garlic noodles,1
chilli garlic soft noodles,1
oyster sauce gravy,1
litchi pastry,1
Pineapple Tarts,1
Tequila Sunrise,1
Salt and pepper chicken,1
Vegetable chilli sticks,1
Kimchi Salad,1
bolied potato,1
Chocolate Brownie,1
chicken cheese roll,1
Crispy Noodles Salad,1
Button mushroom,1
butter chicken roll,1
oysters sause,1
Cool drink,1
Chicken Tikka Pizza,1
LIIT & Tequila Sunrise,1
Khow suey,1
vegetable chilli sticks,1
ambeicne,1
lava,1
Ferrerro rocher pastry,1
chicken mix pizza,1
Kings beer,1
Manchow Chicken Fried Rice,1
Anda Bandi fried egg rice,1
Sichuan Baby Corn,1
Bangkok Custurd,1
strawberry delight,1
chicken and cheese burger,1
custurd,1
Firni,1
chicken n fish starters,1
Crispy Potato Corn cube,1
chicken hot n spicy pizza,1
palce,1
flat noodles,1
Egg puff,1
Prawns Parsely dry,1
Paneer Cheese Roll,1
pineapple spring rolls,1
Kung Pao Fish,1
Tangdi Kabab,1
chickentikka,1
thai noodles,1
Veg Corn Burger,1
Veg hot dog,1
black forest pastry,1
urban asia spcl chicken,1
pineapple marble cake,1
Bindi Jai Puri,1
Italian chocolate pastry,1
Rooftop,1
Chicken cheese roll,1
pizzaas,1
vineager,1
chicken pakoda,1
Corn Tikka,1
Starters Roasted Lamb,1
Paneer Angar Tikka,1
Corn Cubes,1
Susi,1
red velvet cream cheese pastry,1
american corn flour,1
Vegetable Burger,1
Tandoori chicken leg,1
chicken sticks,1
BBQ Veg Pizza,1
capscicum,1
chicken hot dog,1
Italian chocolate cake,1
red chilly powder,1
Daal Makhni and Paneer Butter Masala,1
Litchi & Dark choclate cakes,1
Y CAFE,1
peri peri,1
crushers passion fruit,1
choco coffee,1
ducati,1
thunder,1
walnut browine,1
walnut brownies,1
Forest Berry milkshake,1
Veg sandwich,1
DRIVEN CAFE,1
choco-almond bomb,1
fries/wedges,1
kettle tea,1
Gelato ice cream,1
latte n veg pizza,1
cookie caramel,1
Four cheese pizza,1
Paneer sandwich,1
cafe latte,1
oreos,1
 milkshakes,1
merry berry -choco coffee,1
forest berry,1
passion fruit ice tea,1
sandwiche,1
Choco Brownie Shake,1
Mushroom sandwich,1
Chocolate bomb,1
Peri peri fries,1
Mint mocha,1
avalanche,1
Coffee hazelnut shake,1
Mac and cheese,1
blue slush,1
Caramel Brownie shake,1
caramel shake,1
Peas and potato sandwich,1
merry cherry,1
oreo brownie thick shake,1
sadness,1
Vanilla cupcake,1
chocolate cup cake,1
Poppy Corn & Merry Cherry,1
red velvet brownies,1
Red velvet Cupcakes & Cookies,1
Red velvet cupcakes,1
Coffee Hazelnut & Cookie,1
white chocolte,1
labonel,1
poppycorn,1
brownie cake,1
kismiss,1
blue and berry,1
walnut kismiss cake,1
Poppy Corn,1
chocolate and brownie,1
Merry cherry Caramel brownie Cookie,1
Cajun spice fries,1
butter popcorn shake,1
Corn and Jalapeño Pizza,1
almond Choco pastry,1
Vanilla Frappe,1
Mocha Frappe,1
chilli garlic toast,1
Cruncy blue berry,1
Cars,1
Caramel brownie,1
buttercream,1
Peri Peri Fries,1
choco brownies,1
Coffee hazlenut,1
mint cucumber,1
vanilla cupcakes,1
Red velvet brownies,1
crushers,1
plum cake,1
iced teas frappes,1
leaf teas,1
pizza bun,1
kanji Vada,1
TRIUMPH-ROCKET,1
Dahiwada,1
PORSCHE- CARRERA-,1
Chicken Margherita Pizza,1
Amritsari Fish,1
chocolate tarts,1
USTANG,1
choco,1
AWAS,1
FORD,1
Pesto naan,1
Schezwan chicken fried rice,1
veg panner Biryani,1
Paneer Masala Curry,1
Paneer masala,1
Daal & chapati,1
SUZUKI-HAYABUSA,1
Egg Fried Rice,1
grave,1
Gelatos,1
fried rice exlent mutton curry,1
Birch Coffee,1
BISLERI ltr Mineral water,1
Illy Monka,1
Colombian Coffee,1
Turkish Baklava Twins,1
coffee foam,1
orange mayo,1
Keto Fish,1
white bloomer,1
Chum Chum,1
cheddar,1
Chili Cheese Toast,1
bicycles,1
Butter Prawns,1
I,1
Caramel Mocha,1
Onion's,1
lindt,1
choco chip brownie,1
chocochip brownie,1
chili cheese toast,1
orea n brownie mixture,1
blackcurrant milkshake,1
mango shake,1
marshmallow,1
forest berry shake,1
Frappe,1
cashew biryani,1
expresso shot coffee,1
caramel brownie shake,1
Coffee Crunch,1
Custard Maple shake,1
donuts Choco almond bomb,1
almonds shake,1
choco brownie shake,1
masala rice,1
masala cashew,1
Paneer Kulcha,1
chicken rara,1
Flat white,1
ppe,1
tea/coffee,1
Irish,1
Cafe Latte,1
lujah,1
frappes,1
espressos,1
Cashew biriyani,1
Non Veg Biryani,1
Chicken Lollypop,1
chicken boneless pieces,1
Non veg Biryani,1
coffes,1
chicken tengri kabab,1
veg Singapore rice,1
blue berry,1
honey chocolate cake,1
chocolate chip cookie,1
mint ice cream,1
lemongrass,1
veg samosas,1
egg puffs,1
kabuli chana,1
Egg puffs,1
Masala French Fries,1
Mint ice cream,1
Lemongrass,1
Mushroom curry,1
Kitkat pastry,1
Tandoor roti,1
Oreo Pastry,1
Paneer cheese pizza,1
veg boat,1
veg cheese grilled sandwich,1
lemon Ice cream,1
panner kebab,1
Gelato base shakes,1
cube corn,1
supari,1
kachcha,1
atta rumali roti,1
Paneer lababdaar,1
Chilly Prawns,1
Guava crush,1
Purina chutney,1
Chocolate Munchy Stake,1
Munch / Perk,1
Avanlanche base shake,1
makhani,1
Dal Bukhara,1
Choco chips,1
kang pao fish,1
chicken angara,1
hara bara kebab,1
nalli ki nihari,1
butter chilli garlic sauce,1
bournvita cookies,1
cs,1
chicken sorba,1
Chicken tikka burger,1
veg n chicken puff,1
Baker,1
🍰,1
shorteats,1
Chico Lava cake,1
zafrani chicken,1
Phulkas,1
Thai Coconut Soup,1
dal qureshi,1
chicken spicy pizza,1
pineapple pastry,1
zafrani Murg,1
Tikka chicken,1
Roll of chicken,1
Forest pastry,1
Mini Chicken pizza,1
Malaysian Laska,1
nawabi handi,1
garlic ginger paste,1
Bukhara dal,1
choco almond pastery,1
dal bukhara,1
coughsyrup,1
Steam Rice,1
veg hot mexican pizza,1
Blueberry pastry,1
Joy cake,1
fish Phuket sauce,1
Veg Thai Coconut soup,1
mini chicken pizza,1
Irani fish,1
Sauf filled Kadhai of paneer,1
paneer Kadhai,1
Thai chicken,1
Murgh Angara,1
Go Guava Shake,1
Coffee Caramelo Shake,1
Coffee Latey Shake,1
tuti,1
granola,1
honey loops,1
berry cherry,1
caramel Brownie,1
coffee hazel nut,1
fudge cake,1
Berry crumble loaf,1
Cup Cake,1
Cajun Spice,1
tuti fruity,1
el cup cakes,1
hearts,1
Blueberry slush,1
slush,1
Red Velvet Cup Cake,1
Choco-brownie,1
chocolate pie,1
Coco Vanilla cake,1
Brownie shake,1
Cheese Cake shake,1
Avalanche,1
Crunchy Forest Berry,1
Vanilla Fudge cake,1
Mint o Fruit shake,1
cookie shakes,1
chocoLava,1
Hearts,1
cream-cheese frosting,1
Real White cheese,1
Potato Wedges,1
khoya/mava,1
carrot cakes,1
Chocolate Cakes,1
es,1
Melts,1
Tea loaf,1
Cup Cakes,1
Raspberry Gelato,1
Mango Moon Shake,1
ice cream shakes,1
Walnut brownie,1
Almond Feast,1
Toblerone,1
Classic Chocolate,1
berry berry blast,1
Tempteys,1
Red velvet Creme Cheese cake,1
ice-cream shakes,1
Sithaphal,1
icecrem tempteys,1
Ferrero Rocher Choco shake,1
Peas pulao,1
Chicken Sholay,1
S ok allauddin,1
choco brownie shakes,1
ola granola,1
Chocolate cup cakes,1
fudge,1
banana loaf,1
Cake Fruitti,1
Shake,1
Lichi,1
Choco Brownie shake,1
marble cake,1
Chocolate brownies,1
labonel brownies,1
slices,1
Banana Strawberry,1
eggless cupcakes,1
carrot cake cupcake,1
lichi,1
Ferrero Rocher Shake,1
combo cupcakes,1
redvelvet,1
Triple Chocolate Cake,1
pork dimsum,1
paneer mushroom,1
wasabi and soy sauce,1
chicken hot n sour soup,1
Tropical punch,1
cheese sauce,1
egg fu yang,1
Red Sauce Pasta,1
chicken hongkong,1
Chicken Pasta,1
Veg Pasta,1
chicken chinese chopsuey,1
Isse behtar pasta maine kahin nahi Khaaya,1
Chicken satay,1
Chicken white sauce pasta,1
th sakte,1
chilli garlic chicken,1
singapore fish,1
khoobsurat j,1
Veg Pan fried noodles,1
garlic chili noodles,1
Vanilla scoops,1
peach mocktail,1
scotch whiskey,1
basket noodles,1
Belgian Beers,1
American chop suey,1
Seasame chicken,1
Sesame chicken,1
Crispy honey chicken,1
veg schezwan rice,1
cajun spice,1
fried noodles,1
Cajun spiceed Chicken,1
mixed chilli garlic noodles,1
Chicken Tom Yum soup,1
ango,1
garlic prawn,1
Chicken drumsticks Shezwan chicken dimsums Singapore noodles mix Chinese chopsuey Yang Chow Rice Schezwan Chicken,1
vermicelli,1
pineapple martini,1
Yan chow rice,1
Cantonese soup,1
double mushroom gravy,1
falm Mandi,1
Sheesh Tawook starter,1
fins,1
veg Manchuria,1
mayonese,1
Mixed Mandi,1
Manchuria,1
Mutton Fry Mandi,1
Chicken BBQ mandi,1
Lebanese chicken,1
mayo sauce,1
chocolate fried ice cream,1
fish sizzler,1
mutton fried Mandi,1
chilli garlic fish,1
BBQ chicken burger Teriyaki chicken burger Chicken tandoori roll Chicken BBQ Mandi,1
chicken jumbo burger,1
chicken zinger burger,1
MUTTON JUICY MANDI,1
lemon chicken coriander soup,1
pan fried noodles,1
Veg manchow sour,1
mixed non-veg noodles,1
mixed pan fried noodles,1
chicken stick mandi,1
Dry fruits,1
grav,1
wok fried chicken,1
marag soup,1
mutton juicy mandi,1
mutton margh Mandi,1
Cucumber,1
chicken shawrma,1
seafood dim-sums,1
jucy mutton mandi,1
Chilli garlic prawns,1
non veg mandi,1
patties,1
chicken dim sums,1
Puketh Fish,1
MANDI,1
Bamboo Fried rice,1
Basa chunks,1
Ghee fried idli,1
chily chicken,1
Mushroom masala,1
Mongolian chicken,1
Booze,1
masti,1
charcoal spiced chicken,1
Mango Tango mocktail,1
Weissbeer,1
Cajun onion rings,1
Tap beer,1
Gobi manchuri,1
Golden fried prawns,1
yhe manchuri,1
subzi,1
Biiyani,1
ium,1
ppe Witte,1
kaju biiyani,1
kaju pieces,1
hyderabadi specail birayani,1
tandoor stuffed mushrooms,1
ronella,1
cinderella mock-tail,1
wasabi prawns,1
papad rolls,1
green chilies,1
egg munchuria,1
Zesty chicken wings,1
Peri - Peri Chicken pizza,1
Chacolava,1
Mixed veg curry,1
Fried idli,1
Spider,1
Onion salad,1
tartar dip,1
garlic flakes,1
lava cake,1
Cosmopolitan,1
Passion,1
Penne white sauce pasta,1
Black pepper sauce,1
santosh dhaba,1
Tap Beers,1
Mango Mint cream,1
Chamborlette,1
Kaju paneer masala,1
manchurian an naan,1
Paneer Chatpata,1
biryani nd baby corn manchuria,1
sezwan noodles,1
gedar,1
china Lobster,1
egg fish,1
seabass,1
Spring rolls,1
Soft noodles,1
corn mushroom fried rice,1
big bowl noodles,1
Peanut salad,1
veg machurian,1
spicy idli pieces,1
chicken coriander soup,1
Belgian Kreik,1
paneer Manchuria,1
butter garlic mushrooms,1
Schuim,1
Ghee podi,1
mushroom pander curry,1
cherry beer,1
Fried idili nachos,1
mushroom curry,1
Smeets Waffle,1
Cheese Cake,1
aure,1
santhosh dhaba,1
ree santosh daba,1
Blueberry Cheese Cake,1
Full Kaju curry,1
Aloo Jeera,1
kaju fried rice,1
Zesty Chicken Wings,1
Cajun Spice Grilled Chicken,1
Mint Mango,1
pan,1
mutton Marag,1
Burmese Rolls Prism Pizza,1
kulcha nun,1
Tandoori drum stick,1
Methi malai paratha,1
ala-Carte,1
Kadai Veg,1
mutton keema biriyani,1
chatney,1
Hamas,1
Kadai murg,1
Lipta Mushroom,1
Herb Rice,1
pita,1
Serivice,1
whiskey sour,1
peas pulao,1
kumbh ke Galaoti,1
kofta curry,1
chicken kolhapuri,1
Chicken kolhapuri,1
chilli broccoli,1
paneer corn kebab,1
Hummas and Pita bread,1
karaoke,1
Sholay kebab,1
Organic Decaf Peppermint Mocha,1
Lehsuni dhaniya murg,1
betroot kebab,1
wheat flour,1
blue berry Cheesecake,1
Chilli chicken gravy,1
chicken salt n pepper,1
Water Chestnut,1
salt n pepper fries,1
Subz Biryani,1
palak paneer lahsooni,1
veg pizzas,1
Amritsari bhatti,1
ginger fish,1
Malai methi roti,1
mutton gravy,1
Red bull,1
chilli-spiced vodka,1
cornstarch,1
Sarson ka phool,1
Blueberry cake,1
tandoori kababs,1
orange pastry,1
Mozzarella,1
Cheese Chilli Toast,1
starters dal makhani,1
Chicken Lababdaar,1
rose,1
mice,1
Chapali Kebabs,1
Cockroaches,1
andoor,1
Paneer biryani,1
sum curry,1
chicken Manchurian gravy,1
Chinese nonveg combo,1
Mutton Momos,1
Malai Warki Paratha,1
Fruit Cake,1
Veg Cantonese pan fried noodles,1
Kiwi Mousse,1
Tandoori vegetables,1
biryani mandis,1
Greed,1
pizza burgers,1
whiterum,1
brandy,1
Blackcurrent,1
Pa,1
paavs,1
veg rolls,1
Murg and Veg,1
apollo fish,1
Butter Rotis,1
panner tikka,1
Paneer Achari Tikka,1
kiwi mousse,1
kafuli,1
orange cake,1
paneer makhan wala,1
Malai warki paratha,1
gongura biryani,1
cognitive milk,1
Chicken Stick Mandi,1
teriyaki burger,1
sugar ayrup,1
mixed mandi,1
pad thais,1
Barbaque chicken Mandi,1
padthai,1
gun powder,1
Shezwan Chicken Mangolian Chicken Shezwan Chicken,1
kastori kebab,1
baby corn gravy,1
Chicken thai green curry,1
soup Veg Mancho soup,1
miyo,1
Corn paste,1
saalan,1
bottled water,1
tap water,1
Chicken Barbeque Mandi,1
Chicken barbeque Mandi,1
barbeque chicken pieces,1
chicken drumstick,1
non-veg Tikka,1
Bakwaas chilli garlic noodles,1
Veg wontons,1
Arabian Mix Grill,1
Chicken Arabian Mix Mandi,1
white mayonnaise,1
veg hot and sour soup,1
chicken Chinese choppsuey,1
berg drinks,1
chicken coriander lemon soup,1
veg dimsum,1
Chicken BBQ Tikka Grill Fish Tikka Chicken Arabian Mix Mandi,1
aaloo curry,1
chicken special cheese shawarma,1
khunafa,1
garlic egg rice,1
lemon honey chicken,1
chilli garlic fried rice,1
American choupsey gravy,1
Chilli Garlic nd Schezwan Noodles,1
Pulao rice,1
ulavacharu,1
Mutton mandi,1
mix chicken mandi,1
Chicken Juicy Mandi,1
chicken Lollipop,1
Juicy Chicken Mandi,1
chicken fry piece biryani,1
nutral,1
chicken Fahm Mandi,1
Chicken Fahm Mandi,1
chicken bones,1
Hunan chicken starter,1
Lollipop Biryani,1
Badami Kheer,1
piece biryani,1
Tawa aloo paratha,1
Prawns Biryani,1
chicken fry biryani,1
pulao rice,1
Bbq chiken pieces,1
no cashews,1
BBQ chiken mandi,1
thupka,1
Grill fish,1
grill fish,1
Aararote powder,1
eggplant,1
bbq chiken mandi,1
veg soft noodles,1
kurbaani ka meeta,1
Kissmiss,1
Bas bousa,1
Hyderabadi spicy biryani,1
curd rice jus,1
rayalsima biryani,1
barbeque chicken mandi,1
chicken dum Biryani,1
chicken wings mandi,1
Chicken Lahsooni,1
tap beer,1
Wasabi,1
salsa potato,1
masala coke,1
chicken meat balls,1
chicken tangdi,1
Corn kernels,1
Mutton Curry,1
galebi,1
Chic Lollipop,1
Sunrise Lichitni Chat paata Virgin Mojito Bombay Kolini Kesary Blue Mocktails,1
Broth Soup Tomka Kai Soup,1
Miloni Subzi,1
tandoori prawns,1
paneer Bhutte De Kawab Hariyali paneer tikka Nazakat kebab,1
Classic Onion rings Butter Garlic Fish,1
Roti Basket,1
Chicken leg kebab,1
mushroom pops,1
apollo chicken,1
Nawabi Biryani,1
fizz,1
green chilli sauce,1
Crispy chilli fish,1
Hers,1
gravy noodles,1
Chicken skewers,1
Strawberry pudding,1
chicken spring rolls,1
Gulad jamun,1
mutter paneer,1
H biryani,1
Crab curry,1
Pesto-rice,1
Mutton sheek kabab,1
chicken fish,1
matar methi malai,1
Pesto green rice,1
mutton curries,1
non veg manchow soup,1
sour cream stroganoff sauce,1
kulchhas,1
Balu shahi,1
chocolate killer pudding,1
suvendu,1
apple fox,1
biryani cud,1
pastries cakes,1
tamato sauce,1
desi sweets,1
pan icecream,1
Hariyali paneer tikka,1
ambiene,1
angoori gulab jamun,1
nder,1
Vanilla ice-cream,1
n,1
Wakto cylindo chicken,1
Apple cake,1
Pan shot Rabbdi,1
jelebi,1
Hong kong paneer,1
Butte de kwab,1
Burj khalifa onion rings,1
burj kalifa,1
Pan shot,1
butter garlic fish,1
hari bari kebab,1
lichitini,1
chatpaata,1
Bombay Kolini,1
kesari blue,1
jalebi Rabri,1
chocotini,1
azwaini prawns,1
NAAM BADE OR DARSHAN CHOTE,1
hindi poverb,1
Rabbit,1
haryali paneer tikka,1
Laal Maas,1
nazaakat kebab,1
Tawa,1
wakto cylindo chicken,1
Butte de kwaab,1
Tawa chicken,1
corn cube,1
murgh angara,1
Murgh lasooni Kali mirch tikka,1
Paneer tikka n Shan Ghai rolls,1
VEG SPRING SALAD,1
BUTTER PANEER,1
buttet garlic rice,1
ROTI,1
Paneer curries,1
CHINESE ASIAN CUISINE,1
SICILIAN PIZZA,1
ings,1
drought beer,1
Desert Brownie,1
deewano,1
stock,1
chic,1
Masala papad,1
Bamboo fried rice,1
champagne,1
Vrigin mojito,1
Virgin colada,1
pork dumplings,1
VEGETABLES,1
SALADS,1
Narsi goreng,1
Chilli lamb,1
Pina colada,1
Orange chicken,1
Chilli Lamb,1
Showstopper,1
water biryani,1
kung Pao chicken,1
BLUE SEA,1
Mixed mushroom,1
lichi cream,1
PINA COLADA,1
VIRGIN MOJITO,1
Mixed veggies,1
Garlic Fried rice,1
Nasi goreng,1
tai pei crispy chicken,1
nasi goreng,1
Shrimp soft noodles,1
Hunan chicken,1
Sanghai fried rice,1
king pao chicken,1
lemonjuice,1
nasi Goreng,1
fennel seeds,1
Chicken lababdar,1
green chilli chutney chicken,1
chicken springs rolls,1
bean sauce,1
onions rings,1
todu,1
Pesto Rice,1
Pad Thai noodle,1
Butter Garlic,1
Corn and Cheese Crudettes,1
Angara Murgu Kabab,1
chicken olives mushrooms,1
vegetable pan fried noodles,1
pesto rice,1
pork fried rice,1
peprika powder,1
sangdown chicken wings,1
pad thai,1
wonton soup,1
Bhel puri,1
Chole kulche,1
cloth nap,1
kabab mei,1
Chicken Malai kababs,1
chili oil,1
lotus leaf,1
Lotus leaf fried rice,1
chilli lamb,1
Tamang chilli chicken,1
virgin mojito sweet sunrise,1
Murgh Lasooni Kali Mirch tikka,1
all-purpose flour,1
sweet n sour soup,1
sweet and sour sauce,1
Kali Mirch garlic,1
shair,1
Kadai chicken miloni sabzi,1
sour,1
Tangadi kebab,1
Nut,1
Hyderabadi tawa fish,1
Lahsuni paneer tikka,1
Tandoori broccoli,1
Chestnuts,1
chatpata masala,1
Sau,1
fish nd rice,1
Grill Fish,1
Florentine Saute Mushroom,1
Cashew nut chicken,1
masaledar corn chickpea,1
Chickpea Corn Masala,1
Orange chat pat,1
Chicken Manchow soup,1
mushroom florentine saute,1
Lahsuni Paneer Tikka,1
Tandoori Brocolli,1
chatpata,1
alfredopassta,1
JENEVER SHOTS Bessen,1
Citroen,1
Morrocan Chicken sticks,1
Jhinga Nasheela,1
Aalishaan Chicken sandwich,1
Witte Beer Sampler Dubbel Belgian Kreik Chamborlette Erdinger Weisbier Erdinger Dunkel Schuimzuiper,1
Nawabi Chicken pizza,1
Fish Fingers,1
La Trappe Tripel,1
crème,1
Spaghetti Aglio-e-olio,1
white sauce penne pasta,1
Peterman conic cuberdon,1
greek pizza,1
Waffel,1
lemon peel,1
cheese fries,1
sherbety,1
paneer shole,1
lemon marmalade,1
Murg Cashew Nut,1
chicken pieces h biryani,1
Schzuimz,1
bottle beers,1
La Trappe Trappist,1
Veg Pizza,1
AN BAR,1
EUR,1
TILT BAR,1
per,1
marinara,1
Meloni Tarkari curry,1
Baked Broccoli,1
Cucumber Coriander Mocktail,1
Erdinger dunkel,1
cucumber coriander mocktail,1
chocolava cake,1
cutfruits,1
walnut cake,1
white sause paste,1
Paneer korma,1
La Trappe Isod'or,1
La Trappe Triple,1
Green Killer,1
Saison,1
hindi,1
Lasooni murgh-Chicken,1
JENEVER- CITROEN JENEVER,1
non veg farm pizza,1
JENEVER- WAFFLE SMEETS,1
confetti,1
Burmese Roll,1
chilli dip,1
mint dip,1
Veggie Lover Pizza,1
Honey,1
Cheese broccoli Mains,1
litchi grape juices,1
Smeets Waffle Jenever Shot,1
black olive,1
Penne Alfredo,1
Burmese Rolls,1
La trappe Trippel,1
Witte Beer,1
curry leaves seasoning,1
sauce Chilli Lamb,1
cheese & cashew paste,1
Soya chilli lamb,1
prawn tempura,1
Green Killer IPA,1
sauce Mutton kebab,1
Chicken nachos,1
Tortilla chips,1
sauce Chilli egg,1
Cilantra fish,1
Tandoori Malai Broccoli,1
eddenger wibber,1
red beans,1
Moroccan chicken sticks,1
La trappe Witte,1
chicken skewers,1
Saucy Chestnut,1
cheese ball,1
Erdinger beer,1
Tandoori malai broccoli,1
sesame fried fish,1
Honey Sauce,1
Miloni Sabzi,1
Raspberry,1
Honey chicken,1
chili paneer,1
Broth Soup,1
Tom Kai Soup,1
fruit belgian beer,1
Nazakat Kebab,1
white wheat german beer,1
Hong Kong Paneer,1
belgium beer,1
Bhutte Aee Kabab,1
Butter Garlic Fish,1
Alfredo Pasta veg,1
choco lavas,1
Onions Rings,1
cherry juice,1
white beer,1
Fried Idli,1
Jhinga nasheela,1
Egg Manchuria,1
Nazakhat kebab,1
Citrus flav,1
Chocotina shake,1
Citroen Jenever,1
Smeets bessen Jenever,1
juniper,1
Dutch Gin,1
estic,1
Jenever shots,1
Paneer ke Sholay,1
j Khalifa Onion Rings,1
Barbar blond,1
Non Veg Pasta,1
Dubbel Belgian Kreik Chamborlette Erdinger Weisbier Erdinger Dunkel Schuimpzuiper,1
Choco Brownie,1
Vanilla ice Cream,1
pler,1
Vanilla Icecream,1
Mutton mazedaar,1
Wafel Jenever,1
Veg assorted pizza,1
Butter Garlic fish,1
chest nuts Chilli garlic prawns,1
Indian Grilled fish,1
red chilli flakes,1
H,1
Cilantro grilled fish,1
broccoli Florentine saute mushrooms Chickpea corn masala,1
Fries Cheese broccoli,1
Lasooni Murgh Lamb chops,1
jalapenos Mango mint mocktail,1
Brandy cocktail,1
Basmati rice,1
Spaghetti aglio e olio,1
Haryali paneer tikka whixh,1
pop corn,1
waffle syrup,1
Chilly paneer,1
Bhutte de kebab,1
chilli toast,1
Methi malai Paneer,1
veg puffs,1
Maggi /Knorr soup,1
condiment,1
Naga chilli,1
Beef curry,1
vegetable stew,1
Jjigae,1
Doenjang Jjigae,1
Ramyan noodles,1
teriyaki chicken bowl,1
momo and noodle,1
Naga chicken,1
Naga Chicken curry,1
butter pepper garlic prawn,1
Mushroom & spinach soup,1
ghost chilly,1
mushroom & spinach soup,1
veg clear soup,1
Beef Soba Noddles,1
Naga Peppers,1
Beef Curry,1
Ramyun Noodle,1
Pork Momos,1
Naga beef,1
Pork Bimbipop,1
instant noodles,1
Drums of Heaven,1
Chicken Satay,1
Beef fry,1
steam country chicken curry,1
Garlic Prawns,1
pork rice,1
beef curry chicken momo,1
porks,1
kimchi salad,1
instant noddles,1
Chicken Ramyun Noodles,1
Naga Steamed Fish,1
Pork Bosam,1
instant ramen,1
Kalku,1
ssam,1
fish naga chili,1
ganjang sauce,1
porkbelly,1
Daeji kalbi,1
plain noodles,1
kalkuksu,1
Dwaenjang jigae,1
korean lettuce wraps,1
Bossum,1
bosam,1
Chilly Lamb,1
Teriyaki Chicken Rice,1
Beef Soba Noodles,1
pork momos,1
king chilly pork,1
Moroccan Eggs,1
ohm fried rice,1
Ramyuen noodles,1
Bibimbaap,1
Pork and Beef,1
naga pork curry,1
Naga Pork curry,1
Bangal,1
shuntki maachh,1
Summer Lime,1
Naga bamboo shoot,1
Naga Steam Fish,1
Butter Pepper Garlic Prawns,1
Garlic Prawn,1
Dotsol bibimbap,1
raymun noodles,1
chicken sobs,1
Non veg Ramyun,1
Chicken Scullent,1
Naga Smoked Curry,1
PAN ASIAN,1
beef chicken pork,1
rice mix,1
Kalbi bokum,1
kochujong sauce,1
Deoji kalbi,1
bell pepper,1
roast lamb,1
chilly lamb,1
Bamboo shoot,1
Ramyum noodles,1
Drums,1
Top Ramen,1
NAGA STEAM FISH,1
Scarce chicken pieces,1
CHICKEN RAMYUM NOODLES,1
🐽 BOSAM,1
Chilli chutney,1
CHICKEN MOMOS,1
barbeque sauce,1
sesame seed,1
spring onion,1
🍗 CHICKEN SUCCULENT YAKITORI,1
🍗 SPICY DRUMS OF HEAVEN,1
kimchi pork fried rice,1
Full Steam Fish,1
Mung Tang,1
Veg Momo,1
teteiyaki chicken,1
BHOOT JOLOKIA,1
Steam Naga Fish,1
lemon grass chicken n pork,1
chicken raymun noodles,1
Naga chicken curry,1
OM rice,1
OM chicken rice,1
Teriyaki chicken rice,1
ramen noodles,1
chicken teriyaki bowl,1
Boston creme donut,1
Chicken Dum Biriyani,1
soyabean,1
ok,1
itti,1
utneys,1
litti chowkha,1
Litti chowcha,1
chutni,1
mutter panner,1
sattu,1
Littis,1
Chokha,1
chicken garlic fried rice,1
soyabean oil,1
litthi choka,1
Boston cream donut,1
Mango Craze,1
Jamaican rum,1
Mocha chip,1
jam,1
mango puree,1
mango glaze,1
mini Donuts,1
Rakhi donut,1
Arabian iced coffee,1
Chocolate Doughnut,1
Chocolate donuts,1
mocha chip,1
aloo baigan,1
tomato chokha,1
 chutneys,1
Litti choka/chicken litti choka,1
Murg Adraki Shorba,1
Paya shobha soup,1
burtter Roti,1
pander makhani,1
Litti chokda,1
Litti Choka,1
choka,1
Aloo curry,1
masala sweet lime soda,1
bihari,1
Litti choka,1
Chinese lollipop,1
Chicken soft noodles,1
daal and raita,1
aalloo halwa,1
chur chur naan combo,1
onion ganda,1
alo gobi ganda,1
food ganda,1
chappati,1
CHOKHA,1
Egg Mushroom Fried Rice,1
litti Chokha,1
LITTI CHOKHA,1
chicken hakka noodle,1
burgers sauce,1
potato hash,1
french fry,1
kit kat,1
fruit berry smoothie,1
Milkshakes,1
donut bun,1
big joy buggers,1
jalapeño sauce,1
Big Joy Veg burgers,1
Big Joy,1
eclairs,1
Boston creme,1
mango craze,1
 donuts,1
Dunkin Donuts,1
Hot Chocolate Hazel Nut,1
Hot Chocolate Orange,1
macchiato,1
caramel sauce,1
Vanilla Macchiato,1
Caramel Vanilla,1
Chicken Monster Burger,1
Lucy burger,1
fruit berry smoothy,1
Choclate milk shake,1
joy veg burger,1
eclair donut,1
dunkins,1
Kit kat doughnut,1
Mango doughnut,1
French fry,1
Strawberry,1
eclaire,1
Donut,1
Lucy chicken burger,1
Veg Burger,1
Belgian chocolate doughnuts,1
Caramel doughnut,1
jelly,1
Dunkin donuts,1
mango dazzle,1
Boston Creme,1
crushed ice,1
assorted delight donuts,1
doughnut and hazelnut coffee,1
mint mayo,1
veg mayo,1
rainbow pop,1
blueberry jelly donuts,1
sugar glaze,1
eclair,1
Buns,1
lychee litchi donut,1
lychee,1
lychee litchi donuts,1
Lucy veg burger,1
strawberries,1
Bamboo Shoots,1
Tangsuyuk,1
pork and beef,1
Chipotle,1
paneer fry,1
Honey baby corn,1
spicy soup,1
Chicken hot,1
masala French fries,1
Paneer kebab,1
bira beer,1
verity moktel,1
mirch ka salaan,1
mint biryani,1
lemon and pepper fish,1
jamaican chicken,1
cranberry breezer,1
Lemon Grass Chicken,1
paneer tikka pieces,1
chicken tikka periperi,1
Chilli prawns Paneer tikka Masala fries Chipotle Chicken tikka Chicken pizza,1
chickn biryani,1
honey baby corn,1
chicken ,1
gobhi Manchurian,1
sizzler kabab pl,1
tangidi biryani,1
mnc wr,1
malai fish,1
Malai Fish,1
baby corn mushroom masala,1
Egg Hakka Noodles,1
fish in butter sauce,1
polenta,1
samosa chat,1
kung pao,1
jerk chicken,1
coconut rice,1
kung pao fish,1
jamaican jerk chicken,1
lamb stew,1
cold cuts,1
chicken kheema,1
Chinese noodles,1
Uthappa,1
vegetable dum biryani,1
non -veg salad,1
Black currant Yogurt,1
White Chocolate Berliner,1
Grape juice,1
Chicken Sausages,1
Cheese Omelette,1
Palak Idly,1
Appam,1
liike Paneer curry,1
chuk na jana,1
soft drinks,1
alu tikki,1
mushroom ragou,1
Jama,1
non veg tikka,1
Ginger Coke,1
fish tikkas,1
Apple Cinnamon,1
Kentucky Apple Cinnamon,1
hot toddy,1
Virgin Sangria,1
Rice Kheer,1
Gajar Halwa,1
Butter Chicken Masala Pizza,1
Thai Veg curry,1
Honey chili wings,1
Veg Seekh Kabab,1
lemon pepper Chicken,1
spirits,1
Chili Fish,1
honey chili sauce,1
Honey Chili Wings,1
Lemon Pepper Fish,1
Honey Chili Chicken Wings,1
Lemon Pepper Paneer Tikka,1
Murg Makhani,1
Veg Tikka Platter,1
Lemon Fish Tikka,1
Rice kheer,1
Sizzling Chicken Tikka Biryani,1
Pina Colada Mocktail,1
uffed Tangdi Kebab,1
nasheman,1
fish and lemon pepper tikkas,1
Chicken Hakka Noodles,1
salt and pepper wings,1
Bhuna Chicken,1
Nasheman Chicken Tikka,1
Jamaica Chicken Tikka,1
non-veg Tikka Platter,1
Gajar ka Halwa,1
Cocunut cream,1
Veg thai curry,1
Chicken tikka masala,1
Ass,1
Chicken tangdi kebab,1
Mutton Seekh kebab,1
Salt and Pepper prawns,1
Malai Paneer tikka,1
Margrita Pizza,1
Lacha parantha,1
Kasmiri naan,1
Sizzling chicken biryani,1
chicken rajiala,1
Thai Green Chicken curry,1
Onion Kulcha,1
Chicken peri peri tikka roll,1
veg sheek kebab,1
veg sheek kebabs,1
masala fries,1
honey chili wings,1
Gouda cheese,1
pesarattu,1
Idlis,1
chicken pie,1
crackers,1
Long Island Ice Tea,1
lemon ice tea,1
Long Island Ice tea,1
Papad,1
cilantro,1
cappuchino,1
Linzer torte,1
strawberry mouse,1
lassuni murg kabab,1
Chocolate mousse,1
strawberry mousse,1
Chocolate pastary,1
mushroom saute,1
Mangoes,1
salami pineapple salad,1
chocolate ice-cream,1
red velvet pudding,1
Yamakazi whiskey,1
Japanese curry,1
Udon noodles,1
veg sushi,1
camomile tea,1
Cream of mushroom soup,1
suhshi,1
apricots,1
raara gosht,1
soup salads,1
Lauki mussalam,1
Beef & Pork,1
naga chillies,1
claypot,1
dolsot bap,1
bap,1
bibimbop,1
tissue papers,1
Veg kimchi rice,1
veg Maggi,1
ramyum noodles,1
zomos,1
spinach and mushroom dumplings,1
Pork & Beef Naga chilly curry,1
pork/beef,1
Beef & Pork kimchi bokkum bap,1
green apples,1
Green ice mountain mojito,1
Berry blast,1
beef and pork,1
Naga-chicken rice,1
rumyun,1
Ramyun,1
beef fry,1
pork starters,1
chalega,1
biryani tat,1
pindi chole,1
muesli,1
kubani ka meet,1
coconut water,1
black current ice cream,1
cheese calzones,1
bamboo chicken biryani,1
Bamboo chicken biryani,1
Lamb Ossobuco,1
Vegetable Caponata,1
balsamic vinegar,1
Balsamic Grilled Vegetables,1
Onion & Cabbage,1
Chicken & Mushroom Salad,1
Beetroot Dosa,1
Kheema Dosa,1
Shanghai Chicken Dry,1
Pepper Fish,1
Chicken Quesadilas,1
Veg Sushis,1
Chilli Sauce,1
Kothmir Vada,1
Potli Samosa,1
Paniy,1
Mongolian rice,1
veg crispy veg,1
zaffrani chicken,1
egg salad,1
sabudana vada,1
semi,1
Parmesan,1
Buttermilk,1
mango salsa,1
guacamole,1
lamba curry,1
Vodhka,1
ketel,1
fire Pizza,1
Chicken of maki tikka,1
tariwala chicken,1
murg malai tikka,1
glasses,1
papaya n water melon,1
strawberry n chocolate,1
veg n chicken,1
bread pudding,1
cereal,1
Miso soup,1
congee,1
Chicken sausages,1
herbal,1
rosemary,1
Detox water,1
aloevera,1
tulsi,1
daal fry,1
tomato Shorba,1
Murg Masala,1
Vegetable Dum Biriyani,1
IPL match,1
punjabi aloo Paratha,1
especial paratha combo,1
chicken shawarma parotha,1
cheese chicken parotha,1
paneer Mexican corn paratha,1
corn cheese paratha,1
chicken paratha,1
Mexican corn,1
rats,1
chutney pickles,1
satthu parata,1
almond milk,1
sattu paratha,1
mexican corn,1
veg mini dragons,1
chicken cheese paratha,1
corn and cheese parathas,1
Pickle,1
Dhaniya Chutney,1
Garlic Cheese,1
Aalu Cheese,1
Cheese Combo Parathas,1
sattoo paratha stuffing,1
sattoo paratha,1
chicken keema paratha,1
dhania chutney,1
aloo parathas,1
paneer Mexican corn,1
Mexican corn partha,1
partha,1
corn combo parata,1
lemongrass soup,1
Teppan soba noodles,1
water chestnut starter,1
lemon grass soup,1
chilli plum sauce,1
chilli oyster sauce,1
Veg Szechuan Fried Rice,1
Hydrabadi Pot rice,1
chinesee,1
Chicken Pot Rice,1
lamb Crab,1
broccoli wholly sauce curry,1
veg man-chow soup,1
satay chicken,1
Teppan Soba Noodles Sizzler,1
Black Bean Lamb,1
Satay Chicken sticks,1
royal Thai prawn soup,1
chicken garlic sauce,1
Schewan noddles,1
panok prawns,1
thread chicken,1
Thread chicken,1
Chilli Garlic Burnt Sauce,1
Chilli Chicken Dry,1
Mountain Dew,1
Aloo Parathas,1
paneer parata,1
cheese corn paranthas,1
chicken cheese prantha,1
chicken keema,1
corn parantha,1
garlic chutney,1
paneer parathas,1
Alloo,1
gobi Paratha,1
Garlic cheese paratha,1
paratas,1
chicken shawarma paratha,1
pranthas,1
Chicken Keema paratha,1
zega cocktail,1
barbecue Pork belly ribs,1
Maki salmon sushi,1
hakka fired prawns,1
tyangra,1
fork,1
roast chkn,1
Rock ice,1
dragon sushi,1
prawns tempura maki,1
sweet and sour pork,1
urumaki prawns,1
tum kha,1
prantha,1
chicken and cheese parathas,1
ginger garlic,1
aaloo,1
Paneer tadaka,1
Paneer Paratha combo,1
Aaloo parantha,1
Amul butter,1
Parantha,1
ves,1
punjaabi aloo paratha,1
cheese onion capsicum paratha,1
Ausum parathas,1
corn and cheese parantha,1
corn cheese parantha,1
punjabi aloo parantha,1
butter chicken paratha,1
chicken kheema paratha,1
chicken parathas,1
gobi paratha,1
alloo,1
dhaba,1
Paneer and Cheese,1
chilli cheese,1
Cheese capsicum,1
Capsicum corn,1
Punjabi Aloo,1
Paneer Tadka,1
garlic parathas,1
honey potato,1
Honey potato,1
Pepper Prawn,1
lung fung soup,1
Mushroom Pepper Chilly,1
Pan Fried Noodles,1
Pepper fried Paneer,1
Betki fish,1
Thai Basic chicken fried rice,1
venigar,1
Crab soup,1
Vietnamese noodles soup,1
mushrooms wholly sauce,1
Tepan noodles,1
Schezwan Fried rice,1
dragon rolls,1
Man chow soup,1
Babycorn starter,1
fish/prawn,1
chicken non veg gravies,1
Superior Sauce,1
Royal Thai Soup,1
chestnut curry,1
Thai soup veg,1
Wonton soup,1
chicken n prawn,1
Haka potato,1
veg Manchurian gravy,1
honey noodles,1
Prawns Teppan yaki,1
noodles Brownie,1
POTATO BALL HONEY PEPPER SA,1
DUMPLINGS,1
MANCHURIAN,1
chicken BONE,1
fried rice Veg hakka noodles,1
spicy sauce,1
plum sauce,1
Hot and Sour soup,1
Chicken Bone,1
orange pekoe tea,1
blue berry cheesecake,1
Mix XO rice,1
Fish cakes,1
cucumber kimchi,1
house salad,1
Man Chow soup,1
Thai Chow Kay,1
honey Chicken,1
Sampan Chicken,1
Roast Lamb Oyster Chilli,1
Mix XO Fried Rice,1
Prawns Teppan Yaki,1
Mongolian Chicken,1
crab soup,1
korean noodles,1
TASTE,1
TREASURE VEG CHILLY,1
BLACK BEAN NOODLES,1
Red Chilli Prawns,1
Yong Chicken,1
Crab Soup,1
manchow soups,1
Chicken American Chopsuey,1
Indian masalas,1
Chicken mushroom tofu soup,1
Haka noodles,1
Terriyaki chicken,1
Chicken Haka noodles,1
Chicken banana leaves,1
chicken manchow,1
Jade chicken,1
Pringle,1
Mou-chi,1
black bean lamb,1
chopseuy,1
Crispy Mushroom,1
Jade Chicken Soup,1
sizzler noodles,1
chicken dimsum,1
Satay,1
Mandarin fish,1
Fish crispy ginger chilli,1
barter prawn,1
fish crispy ginger,1
prawns pepper chilli,1
Chicken dry red chilli starter,1
garlic based noodles,1
chicken corn,1
Pan Fried noodles,1
prawn pepper chili,1
WIERD mushroom,1
volcano,1
Mousse,1
Ambeince,1
red chill sauce,1
garlic butter noodles,1
broccoli stir fry,1
chicken chilli dry,1
vegetable Manchurian,1
Chicken sweet corn soup,1
Schezwan Chicken noodles,1
Schezwan chicken noodles,1
chicken banana leaf,1
lamb oyster,1
Tom Yum Soup,1
butter garlic,1
pinacolda,1
Fried Noodles,1
Honey Noodles,1
White sauce,1
Fook Chook Fried Rice,1
chilli soy sauce,1
spinach broth,1
Jade Soup,1
honey glazed chicken,1
Bamboo rice,1
Cheese maggi,1
Keema Pao,1
Keema patty,1
Palak sheek kebab,1
murg Sholay kebab,1
lamb leg,1
chicken Dum biryani,1
chelo kebabs,1
water curd,1
veg dum biryani,1
kebab pieces,1
chicken kebab pieces,1
Malai Kebab,1
mirch ka Salan,1
Mirch ka Salan,1
hot gravy water,1
Panneer,1
caramel ice cream,1
palak sheek kebab,1
Panneer tikka,1
ruce,1
sheekh kebab,1
chelo kebab,1
rounakhi sheekh kebabs,1
murgh ke Sholay,1
Paya shorba,1
carrot dressing,1
almond paste,1
nan,1
Dum la Murg Asifi,1
murgh makhanwala,1
paneer sabji,1
Navratan pulao,1
shorbas,1
Sholay Kebab,1
Hyderabadi chicken dum biryani,1
OTTL,1
WATER,1
COLD DRINKS,1
Murg tikka,1
Murg tikka lababdar,1
Tandoori murgh Adraki,1
Chicken Thighs,1
veg Shami,1
Dum biriyani,1
Chicken lollypop,1
Lasooni tandoor,1
chicken lasooni tandoor,1
an,1
Mutton Biriyani,1
Garlic Naans,1
Stuffed Kulchas,1
Achari Chicken,1
Gosht Masala,1
Murgh Mussallum,1
Persian Chelo kebabs,1
achaari mix,1
Tamatar ka shorba,1
Prawn Pakoda,1
payashorba,1
Utne mei kya hoga,1
paya shor a,1
Hyderabadi mutton biryani,1
Murgh lababdar,1
Nalli gosht,1
Daawat khaas,1
Daawat khaas-Murg sholay kebab,1
mutton soup,1
Kaddu ki Kheer,1
Kashmiri Rabdi,1
Paneer Pasanda curry,1
zafrani Roti,1
ginger garlic paste,1
Daawat Khaas,1
Paneer Tikka Kebab,1
Daawat Khaas Sabz Kebab,1
Kaddu Ki Kheer,1
Zafrani Roti,1
at,1
Daawat Khaas Sabz Kebab Platter,1
Chicken Platter,1
Eight Treasure Soup,1
Chicken Manchow Soup,1
Chicken Hot & Sour Soup,1
patthar ke gosht,1
Nihari gosht,1
nihari gosht,1
Daawat khaas murgh musallam Sinkanderi raans Sabz kebab,1
Murg musallam,1
Blue hawaii,1
Matka Firni,1
Soda,1
Murg Massalam,1
Nihari Ghost,1
Chicken Tikka lababdar,1
Sholay Kebabs,1
wok tossed chicken,1
Phucket fish,1
Soda Fountain,1
Mango Bloom,1
ARI,1
Beefs,1
Sheep,1
Goat,1
Murgh Sholay kebab,1
YAKHNI SHORBA,1
Murg masallam,1
Chelo Kebabs,1
Masalas,1
Phuket Fish,1
Bell peppers,1
Murg Sholay Kebabs,1
Soda fountain,1
blue Hawaii,1
chicken piceses,1
bcz no masala,1
Shahi tukda,1
sikandari raan,1
chicken mutton,1
Chilo Kabab,1
veg sushis,1
candle,1
brown sauce,1
starter chicken,1
lime grass,1
coconut milk curry paste,1
Thai curry red chicken,1
Shiraz,1
Shiraz yellow tale,1
banana toffee,1
Chicken in dry chilli cashwes,1
Vegetable wok tossed soft noodles,1
Vegetable fried rice,1
Crispy fish in chilli plum sauce,1
Wok tossed Chicken in Dry chilli cashews,1
Vegetable beijing dumpling,1
Napa Cabbage Crystals,1
Pok choi roasted garlic,1
Pan fried Chicken Gyoza,1
Chicken Thukpa,1
wok tossed gravies,1
rice/soft noodle,1
chicken Gyoza,1
thukpa,1
Chicken dum Biryanis,1
Daawat khas veg kebab,1
Butter-Garlic-Lime Crisp Fish,1
coconut based Thai curry,1
ginger peach,1
Dim sums,1
Banana toffee,1
Zega,1
zega,1
Som Tam,1
Celery Dimsums,1
sauté veg,1
Nirvana cocktail,1
shiitake mushroom,1
butter skewers,1
chicken skallion,1
California uramaki,1
Chicken gyoza,1
rice pork balls,1
basil martini,1
red curry,1
Schezwan veg fried rice,1
Veg Thai Curry,1
Egg and chicken friedrice,1
Herbal,1
ega Mojito,1
Caramel Sauce,1
Banana,1
Couse,1
Wonton,1
Bao,1
Ginger peach mocktails,1
veg kabab,1
Musallam,1
Lemon mint,1
Sikandari,1
Achari,1
gh,1
tandoori Jhinga,1
Patrani fish,1
Seekh Kebab,1
Murgh Kalmi kebab,1
potatos,1
Tandoori Aaloo,1
Sabz ki Shami,1
pickle masalas,1
Murgh Achari,1
Gosht Achari,1
Caramel Mint Mojito,1
Cinderella,1
Tandoori Jhinga,1
Gosht Sheekh Kebab,1
Paneer Achari Kebab,1
vegetable mixture,1
Sabz Ki Shaami,1
Mutton Soup,1
murgh kalmi,1
Garlic Sticks,1
Chk Dum Biryani,1
murgh kalmi kebab,1
Murgh,1
achari paneer tikka,1
veg chilly garlic stick,1
Shahi paneer,1
murgh sholeh kabab,1
murg musslum,1
mix kabab,1
Blue Mojito,1
ices,1
mutton n chicken pieces,1
osht,1
moktails,1
cheelote kabab,1
Murgh mussalam,1
Nargasi Kofta,1
Achari Chicken Gosht Masala Kalmi Kebab Paneer Achari Dal Akbari,1
tandoor/kebab,1
Murgh Kalmi Kebab Chelo Kebab Patrani Fish Gosht Masala Sikander Raan,1
Murgh Mussalam,1
murg musallam,1
sikendari raan,1
cashew nut,1
cloves,1
Sikandari Rann,1
mutton mince,1
pickle spice mix,1
Lemon Mint,1
Caramel Mojito,1
mix roti,1
Chicken Nasheman Tikka,1
Virgin mango margarita,1
Latte coffee,1
Frooti,1
pongal,1
manchurian qty,1
combo juice,1
Tetrapack juice,1
mayo dip,1
fruit juices,1
grape,1
mirchi tandoori roti,1
rotis kashmiri,1
Tatra,1
kashmiri roti,1
Vegetable kofta,1
dahi paani poori,1
dahi ki kaloti,1
manchuriya,1
banana cutlet,1
pani,1
finger potato,1
chocolate gulabjamoon,1
rabadi,1
Pain puri,1
cottage cheese pizza,1
corn Manchurian,1
Ajwaini Paneer tikka,1
SOUP,1
Lemon Grass,1
tomato rice,1
muffin cake,1
Rashmi kabab,1
Paya Soup,1
veg/non veg Biryanis,1
corn cheese kurkuri,1
garam gulab jamun,1
burani sahi Malai,1
lassi/soda,1
drumstick curry,1
Pata soup,1
mirchi chicken Tikka,1
mutton galauti kebab,1
Mushroom masala curry,1
Paya soup,1
Tawa mutton biriyani,1
reshami kabab,1
Steam rice,1
bone stock,1
Chingari murg patiala,1
Crockery,1
Tangdi kabab,1
chicken Tikka pieces,1
murgh Resham kebab n murgh kurchan,1
Tikka pieces,1
Chicken Tikka biryani,1
murgh sheek kabab,1
garbage chutney,1
Mutton biryani Biryani,1
porcini aglio alio,1
ara,1
chocolate gulab jamun,1
Elvis donuts,1
Spinach Corn and Cheese toast,1
seeds,1
millets,1
flax seeds,1
grain bread,1
custard buns,1
brown bread,1
Dark Chocolate Cookie,1
Salted Nutella Doughnut,1
Red Velvet Doughnut,1
Doughnuts,1
chocolate babka,1
Nutella doughnut,1
chicken pot pie,1
veg white pasta,1
edd,1
cheese preserves pickles,1
Custard bun banana cake Danish,1
Coffee Croissant,1
filter coffees,1
mushroom makhani sandwich,1
egg white omlette,1
dark chocolate cookie,1
Fizzy Lemonade,1
Chicken Melt Sandwich,1
cinnamon bomb,1
Spinach feta cheese omelette,1
kiwi punch,1
antipesti pesto sandwich,1
banana tikki,1
Squeeze,1
eeze,1
Bajjis,1
Baby corn chilli garlic,1
mynassie,1
milk bread,1
wheat bread,1
fruit bread,1
panner tikka masala curry,1
Chocolate gulabjamun,1
Mango dal,1
Gravys,1
um banana tikki,1
Pan shots,1
lasgna,1
four cheese pizza,1
veg feta pizza,1
Red velvet donut,1
Mutligrain cereal bread,1
Cadbury diary milk,1
sponge cake,1
Bread loafs,1
coconut bun,1
chicken sausage roll,1
Tikki,1
mutton kheema,1
Butter masala,1
kadai veg curry,1
Bombay halwa,1
veg manchurian dry,1
broccoli corn nuggets,1
rajasthani laal meat,1
egg chilli,1
kasmiri pulao,1
cheeses nuggets,1
Chicken kalmi kabab,1
Chicken and Fish,1
chicken garlic,1
thigh,1
Romali roti,1
Veg Fried Rice,1
subz veg biryani,1
Virgin Mojito cocktail,1
Tandoor Chicken,1
Biryani & Pualo,1
Veg Dum Biryani,1
Alfredo penne pasta,1
masala Papad,1
Bhuna murg,1
Golden prawn,1
tandoori chicken bhuna murg,1
Appolo fish,1
Rogan gosht,1
curry leafs,1
Chicken Chatpati Kebab,1
Pudina Chutney,1
Veg. Biryani,1
Sambar Rice,1
Chicken leg pieces,1
Murg malai tikka,1
Kadai chicken,1
Tangdi,1
paneer Mali tikka,1
Panneer Butter masala,1
bundi raita,1
Raitha,1
paneer tikka briyani,1
chicken tandoori biriyani,1
peri peri chicken tikka burger,1
sabji,1
sizzler biryani,1
coriander peices,1
schezwan drumustick,1
origano fish tikka,1
Maza nahi aaya,1
dum ka murgh,1
egg spring rolls,1
oregano fish tikka,1
chettinad chicken biryani,1
Veg white sauce pasta,1
Corn rolls,1
corn palak roll,1
schezwan chicken,1
chicken chatpata,1
kolhapuri paneer,1
mutton organ josh,1
Tunday kebab,1
Malia prawn,1
dahi kabaab,1
chicken kandhari,1
Burani parantha,1
gulab jamoon,1
Murgh kandhar,1
tundey kebab,1
lal mrichi ka teeka tikka,1
tase,1
hara subz kebab,1
aloo tikki chaat,1
reshmi kabaab,1
reshmi kabab,1
corn cheese roll,1
tunday kabaab,1
dharma raj,1
Meccai kebab,1
Kadhai paneer kashmiri,1
kurmure cheese kebab,1
Tundey kebabs,1
Raan e Khan saheb,1
pudina juice,1
pinapple/apple juice,1
haveli,1
hydrabadi,1
Reshmi chicken,1
Murgh Dhaniya shorba soup,1
paneer pahadi kebab,1
Lal Mirchi teeka tikka,1
kabbabs,1
chatpata tandoori kabbab,1
manchurian combo,1
Punjabi Kulcha,1
Butter Naan Punjabi Kulcha Chicken Kurchan Chicken Khandar,1
mutton Roman,1
Burani paratha,1
Mutton kebabs,1
mutton galawti kebab,1
lamb pieces,1
Jam,1
Ki Roti,1
Ka Teekha Tikka,1
Paneer ka Soola,1
Dhahi Ki Galouti,1
veg staters,1
Jyadha masala thoda rice,1
Lal Mirchi ka theekha tikka,1
fish n chicken,1
Tundey Kebab,1
Tik,1
murg khandar,1
chicken methi murg,1
Chicken shorba,1
Mutton Tawa Biryani,1
Apple Iced Tea,1
Hot Chocolate,1
Brownie Shake,1
sabudana khichdi,1
veg wraps,1
deli,1
green tomato curry,1
sabudhana ki kheer,1
navrathri Thali,1
Green tomato curry,1
Sabudhana ki kheer,1
Paneer Makhanwala,1
tomato curries,1
khichdi cud,1
pumpkin chatpata chutney,1
paneer makhni,1
sabudana,1
Chilli Garlic Cheese Toast,1
pizza roll,1
Chocolate Fantasy,1
Raspberry Cheesecake shot,1
Red Velvet cheese cake,1
Paneer Tikka Wrap,1
Jumbo Veg wrap,1
Aloo wrap,1
corn Salsa,1
Pizza Wrap,1
chola kulcha,1
lacha Parantha,1
Veg pizza wrap,1
veg cheesy melt paneer wrap,1
paneer Tikka wrap,1
tikha masala,1
Paneer wrap,1
Jumbo Paneer Tikka Rice,1
Chicken wrap,1
chicken meatball,1
Chicken Jumbo Wrap,1
Cheesy Wrap,1
Jumbo Chicken Wrap,1
Cheesy Chicken Bhuna Wrap,1
akhan,1
aneer,1
Masala wrap,1
Cheese melt wrap,1
Masala chicken tikka wrap,1
Cheese melt chicken wrap,1
saabudana vada,1
hare tamatar ki sabzi,1
singhada aloo paratha,1
teeka chaska masala,1
chicken overload,1
cheese paneer,1
Royal chicken Rice,1
sabudana vadas,1
kuttu ata aloo paratha,1
tomato curry nav,1
reshmi chicken wrap,1
cheakpea curry,1
corn salsa wrap,1
singhada aloo parathas,1
panner makhanwala,1
Mac cheese rolls,1
Wrap,1
cheese melt wrap,1
Chicken Rice,1
Cheese Melt Chicken Wrap,1
sigbature rice,1
masala paneer wrap,1
tires,1
Iced Vietnamese,1
Pesto pasta,1
peppermint,1
Lavender,1
floral teas,1
hazelnut cold coffee,1
Lavender tea,1
mango frappe,1
sause pasta,1
frappe,1
Turkish Coffee,1
Chilli cheese bread,1
Frappe coffee,1
blueberry muffin,1
Mango pie,1
chilli bread,1
Mango Pie,1
black currant,1
masala mix,1
Faasos,1
Singhada aloo paratha,1
Cheese Melt Chicken wrap,1
teeka chaska,1
ketctup,1
Jumbo C Hicken wrap,1
Chessy chicken delight,1
jumbo chicken wrapper nd chicken overload jumbo wrap,1
kuttu ka aata,1
satvik thali,1
Vadas,1
Sabudana Kheer,1
Kuttu Aata parathas,1
ri Thali,1
Nav,1
panner roll,1
sides,1
chicken cheese melt roll,1
Mutton Over Load wrap,1
mutton rice,1
paneer wrap,1
chole wrap,1
paneer rice bowl,1
paneer wraps,1
egg wrap,1
Peri peri cheese,1
Lacha Paratha,1
Cheese Melt chicken Wrap,1
 aloo parathas,1
Teekha seasoning,1
Jumbo Veg Wrap,1
Blueberry muffin,1
puff pastries,1
Whole wheat bread,1
pound cake,1
Chocolate Muffin,1
Choco Chips Cake,1
Oregano breads,1
Oregano Beagle,1
paneer puff,1
Bagels,1
cheese Margherita pizza,1
dark chocolate cake,1
cheeze pizzas,1
Madras filter coffee,1
tomato basil soup,1
onions feta pizza,1
spinach peppers,1
double cheese,1
margherita,1
danish custard,1
banana bread,1
choco chip cookies,1
dark chocolate cookies,1
panner chilly gravy,1
pink sauce pasta,1
cheese tpast,1
feta cheese omellete,1
chilly cheese toast,1
Portion,1
Masala omelette,1
Egg Salad,1
bagel and cream cheese,1
focaccia bread,1
egg sandwich,1
triple cheese sandwich,1
chocolate danish,1
Chocolate muffins,1
English bread,1
Focaccia bread,1
Egg Salad Sandwich,1
Capuccino,1
mushrooms pizza,1
smoke chicken cherry,1
double cheese margherita pizza,1
egg salad sandwich,1
tuna melt sandwich,1
mushroom spinach puff,1
chilli's,1
cheese puff,1
Danish custard,1
Red Sauce Veg Pasta,1
chicken omelette,1
oregano seasoning,1
Margherita Pizza,1
chicken makhani pizza,1
Paneer chilli pizza,1
tea cakes,1
potatoes mashed masala,1
rice grain,1
mutton keema biryani,1
veg curry combo,1
briyani combo,1
tandoori  biryani leg pieces,1
mixed chicken pieces,1
sausage roll,1
Kathi roll,1
cheesy chicken delight,1
Kathi rolls,1
pizza wrap,1
chicken wraps,1
NO SALAD,1
warps,1
Veg wraps,1
fiery sauce,1
museli,1
meat ball wrap,1
Double cheese meat ball wrap,1
chicken buna wrap,1
chicken tikka wraps,1
meat ball wraps,1
non veg wraps,1
BOGO,1
oos,1
Cheese melt paneer wrap,1
Gongura Biryani,1
Gongura biryani,1
raspberries,1
chicken fried piece Biryani,1
cream cake,1
🍄 mushroom makhni 🥪 sandwich,1
blueberry Danish,1
spinach and mushroom pie,1
brioche,1
Danish pastry,1
hazelnut syrup,1
Hazelnut capcuinno,1
Hazelnut cafe Mocha,1
mushroom omlette,1
scrambles egg,1
crossiant,1
cream chees,1
jalepeno bagel,1
scarmbled egg,1
Mushroom omelette,1
Chicken Omelette,1
mocha walnut cake,1
tuna sandwich,1
chicken lolipop,1
shukya,1
Ulvacharu Biryani,1
dum chicken biryani,1
ulvacharu biryani,1
ulavacharu biriyani,1
chicken tikka kebab,1
Chiken,1
chicken tikka biryuani Mint julep Virgin pinacolda Fruit smash Peach margarita Fruit sangarika,1
texas BBQ,1
Drum Sticks,1
Drum Stick Dum Biryani,1
Crispy Chilli Corn Kernels,1
Mexican Jerk Suces,1
Red hot roasted Chicken Wings,1
Osm biryani,1
thums,1
d,1
drum stick,1
strawberry mojitos,1
achari,1
parmesan garlic,1
paataya thai,1
red peppe,1
Fried Chicken burger,1
barbeque chicken wings,1
masala powder,1
hum bhi,1
Kuch desi khaana,1
chicken chunks,1
pattaya thai chicken wings,1
wild chicken wings,1
videshi khaana,1
vegetable oil,1
potato pakodis,1
Dyna pasta,1
combi,1
mock-tails,1
Sluches chocolate,1
strawberry mocktail,1
Lemonade Orange,1
Orange Mango,1
mojiotos,1
Caesar Chicken salad,1
Original Patty burger,1
garlic and chilli flakes sauce Texas BBQ,1
mojito mocktails,1
Popcorn chicken,1
Mexican wild Chicken wings,1
Garlic,1
Chicken Popcorn,1
Chicken Caesar salad,1
Konaseema,1
Mango Mojito,1
chicken fry,1
KFC burger,1
drumsticks dum biryani,1
wings dum biryani,1
Pattaya thai,1
texas bbq,1
wings dim biryani,1
Texas bbq,1
Chicken Wing,1
Gr,1
drumstick biriyani,1
Mocachino,1
black coffee,1
brownie shake,1
thickshake,1
Chocolate Avalanche,1
cream of cake,1
powder mix,1
swiss chocolate cake,1
brownie and ice cream kinda mixture,1
Aglio olio,1
bellpeppers,1
chocos,1
Hot Hazelnut,1
Chocolate walnut sundae,1
Chicken cheese sandwich,1
Earl Grey,1
Chocolate fondue,1
tandoori paneer,1
corn Sandwich,1
syrups,1
mint Mojito,1
Mint Mojito,1
chocolate room brownie Sundae,1
chocolate banana split,1
chocolate chocolate sundae,1
chocolate ecstasy,1
Smooties,1
Potato wedges poutine,1
dark chocolate fondue,1
PANCAKES,1
paneer tikka sandwich,1
Chocolate sizzler,1
Toblerone Shake,1
wiped cream,1
Cold Coffee,1
bournvita,1
toblerone shake,1
choco Sticks,1
Garden Fresh Sandwich,1
paninos,1
Hot chocolate,1
peanut chutney,1
cheese dip,1
Kit Kat milkshake,1
Choco Crunch Mocha,1
chocolate syrups,1
bornvita milk,1
boost,1
kit kat milk shake,1
mushroom and cheese penne pasta,1
Chico brownie sizzler,1
Chocizza,1
hazulnut delight,1
Hazelnut coffee,1
Oreo cookie shake,1
veg cheese sandwich,1
Chocolate pancakes,1
Nutella Waffles,1
green salad,1
b,1
Tandoori Tofu,1
salad shawarma,1
Chicken Hakka,1
salt & pepper prawns,1
rotti,1
mayo bowls,1
mohammedia shawarma,1
mayyonise bowl,1
sharwarma,1
CABBAGE,1
Chicken Shawerma,1
CHIEKCN,1
wrap/sandwitch,1
rumali wrap,1
cheese falafel wrap,1
Asian chicken salad Capitat,1
rumali roti shawarma,1
creames,1
Rumali rotti,1
chicken shwarma,1
WASTE,1
Non veg pizza,1
souce,1
vegs,1
non veg pizzas,1
burger pizza,1
uttappam,1
pepper barbecue,1
Chicken Chowmein,1
Chicken Schezwan noodles,1
bhuna chicken,1
fish lemon pepper kabab,1
Chicken kebab Platter Pizza primavera Veg seekh kebab Honey chilli chicken wings,1
mixed tendoori,1
Tandoori non veg sizzler,1
chicken tikkas,1
tandoori chicken legs,1
Tandoor,1
Veg manchaow soup,1
sour mix,1
apple juice,1
burbon whiskey,1
Kentucky apple cinnamon,1
bitters,1
bourbon,1
Old Fashioned,1
brown sugar,1
otange wedges,1
mix,1
cocktails peach martini,1
green apple Mango margarita,1
mango margarita Fruit sangria,1
Fruit sangria,1
Veg sheek kebab,1
Veg primevara pizza,1
kebabs beer,1
chickn pieces,1
Dominos,1
Dominos pizza,1
domin,1
pataya thai,1
cardboard,1
saag,1
Chicken Punjabi,1
chicken fry-piece biryani,1
curry spice,1
mexican jerk,1
dressing,1
Chicken Ceasar salad,1
lemon mojito,1
veg corn rice,1
mogli Nuggets,1
Pattie,1
Amazon,1
Taxas,1
Bean wings,1
orange mojito,1
bread pieces,1
asian fried chicken salad,1
cold lettuce,1
American Wild Wings,1
Orange mocktail,1
Mowgli chicken popcorn,1
Veg fried rice Chicken rice Veg biryani Chicken biryani,1
panner burger,1
capitata,1
hulk wings,1
starwberry mojitos,1
brown gravy,1
texas bbq sauce,1
xfrench fries,1
fried chicken burger,1
bbq sauce,1
chicken original patty burger,1
patty burger,1
Sprite,1
Chicken and Rice Combo,1
ull Chicken wings biriyani,1
creami,1
konaseema chicken,1
bean wings,1
chilly garlic sauce,1
chill garlic sauce,1
Tandoori sauce,1
chinese,1
Burger Combos,1
pees burger,1
Soft drink,1
fires,1
Movktails,1
recepies,1
pattaya thai sauces,1
hot sauces,1
lemon pepper sauce,1
mexican,1
chocolate pizzas,1
oreo cookie shake,1
chocolate excess cake,1
Anti Matter burger,1
Comet Tail Hotdog,1
Cosmic Burgers,1
Mercury,1
Milky,1
chicken milky way burger,1
full bird BBQ,1
juice burgers,1
Mercury burger,1
mercury burger,1
steaks,1
steak burgers,1
filet,1
Meat burgers,1
chicken fried momos,1
Atomic Wings,1
Comet Tail hot dog,1
hamburgers,1
Hamburger,1
cheese 🧀,1
mercury burger 🍔,1
burger 🍔,1
paans,1
adarika chicken tikka,1
kolhapuri chicken,1
hundi,1
Hyderabadi rum biryani,1
teamparties,1
Cosmic Burger,1
Comet Tail Hot Dog,1
milkyway,1
pepsodent,1
wings/breast,1
meteor burger,1
Creamy cheese,1
hotdogs,1
paneer hot dog,1
galactic burger,1
breast,1
desi masala,1
charcoal grilled burgers,1
Burger and dip,1
bbq chicken strips,1
Milky way burger,1
Jupiter Burger,1
cheddar cheese,1
pole star burger,1
andoori,1
BBQ burger,1
Anti-Mater Burgers,1
Hot Dog,1
mutton sandwich,1
BBQ chicken strips,1
desi spices,1
Cosmic chicken burger,1
Cosmic burger,1
IRANI tea,1
kaju masala curry,1
meat peices,1
Amritsari Nan,1
Fulka,1
butter paneer masala,1
veg raita,1
tandoori rotiya,1
Plain Naan,1
Veg curry,1
Mix,1
kashmiri naan,1
pake,1
qontiti,1
thanduri chiken,1
chiken Tikka masala,1
sand,1
tandoori chicken biriyani,1
sarvece,1
Chicken tikha,1
Tandoori Chicken Tikka briyani,1
Kulchas,1
colored cream,1
Paneer Jahangiri,1
Butter Tandori Roti,1
veg Biryani,1
chicken tangdi masala,1
tangdi chicken,1
Vietnamese rice,1
Fulka rotis,1
Chana,1
Pepper Chicken,1
shahi paneer gravy,1
grill,1
Whole wheat roties,1
bryani,1
pakwaan,1
Chicken peaces,1
Mutton biriyani pieces,1
Fish Biryani,1
FOODPANDA,1
missi roti,1
Lacchi paratha,1
delhi,1
mango crumble,1
mix raita,1
butter pulka,1
phulka roti,1
Mixed Raita,1
Mushroom Masala,1
Nana,1
tawa Roti's,1
aloo Paratha,1
fulkaas,1
fulkas,1
Bhindi masala,1
white noodles,1
phulkas,1
mutton patty,1
veg berger,1
mayo/cheese,1
chicken Momo's,1
Chichen,1
schezwan chutney,1
momo sauce,1
Chicken Fried Momos,1
chilli paste,1
kukure momo,1
kukure chicken momo,1
red-chilli chutney,1
veg- kurkure momos,1
chicken Kurkure momos,1
Mayo and sauce,1
Paneer fried momo,1
o,1
Schezwan Sauce,1
Chicken Steamed Momos,1
Veg Steamed Momos,1
fish kebab,1
tangdi kebabs,1
Mutton Seekh Kebab,1
Ragi mudda combo,1
Manchow Soup Mushroom Starters,1
Butter Roti,1
Chicken corn soup,1
mutton biryanis,1
chicken corn soup,1
veg friend momos,1
Momo chutney,1
rice meat,1
Momo's chutney,1
Vice bo chutneys,1
mynoese,1
chilli mayo dip,1
red chilli dip,1
kurkure paneer momo,1
chicken steam momo,1
paneer kurkure momos,1
non-veg steam,1
MOMOS,1
sweet cream,1
veg fried momos,1
momo joint,1
veg momoz,1
Stuffing,1
paneer n chicken steam Momo's,1
kurkure Momo's,1
Red chuney,1
Veg Kurkure Momo's,1
'Kurkure' momos,1
red chilly chutney,1
chicken Momos,1
Veg Momos,1
Red momos jauce,1
chicken steam momos,1
Chicken Kurkure Momos,1
Mutton Kunda Pulav,1
kheema Pulao,1
Hot dog,1
Ragi Sankati,1
harabara kabab,1
harabara kebab,1
tandoori chicken boneless,1
charcoals,1
pachi pulusu,1
mutton pickle,1
rangi sangati,1
oils,1
Pachipulusu,1
Mutton Dalcha,1
Kottimira Chicken,1
Paya shorba/soup,1
dahi chutney,1
Basa/Cod fillet,1
kothimeera,1
Kothimeera kodi pulav,1
manchow noodles,1
Nawabi Chicken Kebab,1
Kadhu ka kheer,1
Jaagao grhak jaago,1
prasadam,1
babycorn manchuria,1
red meats,1
Milky Way burger,1
Polstar burger,1
Ulavacharu Chicken Bone Pulao,1
Kadai cheken,1
Murgh Malai Kebab,1
kheema pulau,1
t-grill,1
panner butter masala,1
Jumbo chicken Biryani,1
gongura chutneys,1
mutton chops,1
charcoal mutton chops,1
natukodi vepud,1
Pulkas,1
Dal fry,1
natu kodi biryani,1
Roaches,1
chicken pulao,1
kheema pulaov,1
kodivepudu,1
Bheha fry,1
kunda,1
kunda biryani,1
Paneer Pulao,1
mutton iguru,1
iguru,1
bheja fry,1
soup chickenSarter,1
Mutton paya Non veg starters Biryani,1
b biryani,1
biryani/pulao,1
Aaloo tiki chaat,1
Penne Alfredo Pasta,1
Peri Peri chicken,1
dhaba nhi hota,1
Rajma rice,1
aloo gobi dry sabzi,1
Paneer combo,1
kaali dal,1
Gobhi kulcha,1
masala onion,1
Aloo parantha,1
aloo gobhi ki sabzi,1
achaar,1
pyaaz,1
aloo ki sabzi,1
rajma gobhi ka paranthe,1
Alloo kulcha tandoori,1
youghurt/curd,1
rajmas,1
Rajma-chawal,1
choley,1
hing( asafoetida) Curry,1
alu curry,1
puri-alu,1
puri-choley,1
Chapati,1
cold lassi,1
Panner paratha,1
dal makkhani rice,1
Sarso ka saag makki ki roti,1
sarsoon da saag,1
makki di roti,1
baking soda,1
Paneer Thali,1
ath,1
tawa parathas,1
aloo curry,1
dalmakhni,1
alu onion paratha,1
chole bahturae,1
alu kucha,1
kuchas,1
Aloo Paratha,1
chole masala,1
Kadhi pakoda rice,1
chole poori,1
gobi curry,1
pooja karo,1
Swaadist bojan kao paett,1
Bilkul Ghar jaisa,1
Masala Raita,1
Kadi Chawal,1
CHO,1
sarso ka saag,1
Makke ki roti,1
tandoori aloo paratha,1
aloo/gobi/panneer paratha,1
Aloo Gobhi,1
panner tikka bilkul ghar,1
Kadi chawal,1
Almonds,1
mutton Biriyani,1
tadoori chicken,1
ha,1
Chicken Masala,1
manchur,1
Chicken manchuria,1
Qubani sweet,1
paneer kaju biryani,1
Murg malai kabab,1
murg malai kabab,1
Pistachios,1
pakka hyderabadi,1
khaju panner biryani,1
koi bhi tum logoke,1
bolognese spaghetti,1
D Special Chicken Pizza,1
Stroganoff,1
Chicken Lasagna,1
nawabi chicken,1
chicken bamboo rice,1
crack,1
chicken lasagne,1
fruit juice,1
kf beer,1
meetha,1
khaju,1
chole bhature panner paratha,1
khichdi,1
Cream bun,1
cream buns,1
Mutton jumbo,1
Mutton jumbo packs,1
pane-er,1
Kaju Panner biryani,1
masala biryani,1
Rita salad,1
chicken masalam,1
mutton Keema masala,1
murga masalam,1
lekin,1
Rumali roti,1
Pieces,1
Pakwaan,1
chicken ke naam par ek bons,1
chicken non veg curry,1
Mushroom Curry,1
Wost Biryani,1
Mushroom pieces,1
kadhai mushroom,1
yach,1
vegetable briyani,1
pak,1
Tawa Paratha,1
mera kya hota,1
Thai Basil Praws,1
aalu gobhi,1
Butter Garlic prawns,1
Nawabi shikampuri kebab,1
sautee vegetables,1
Spring Chicken and Chicken Confit,1
Salmon,1
Murrel Crust,1
Blackened salmon steak,1
THAI BASIL CH,1
CRISPY CORN Crunchy corn,1
spring onion stalks,1
chilli soy based sauce,1
eless chicken,1
CHILLI CHICKEN,1
fish meat,1
mint yogurt dip,1
FOOD GRILLED POMFRET,1
blue caracao syrup,1
BLUE LAGOON,1
SPICY TANGO,1
BLACK CURRANT,1
VIRGIN PINA COLADA,1
MINT,1
CUCUMBER,1
ORANGE DELIGHT,1
uramaki,1
icy tango,1
Blue lagoon,1
cucumber n mint,1
Orange Delight,1
salmon steak,1
vegetables onions,1
pudding cake,1
Cockroache,1
Creme Brulee,1
Schezwan Chicken Gravy,1
Dal Tadka curries,1
Rara Gosht,1
mushroom cream,1
tenderloin,1
Chateaubriand,1
Virgin Pina Colada,1
tang,1
Blue,1
Spicy tango,1
Black currant,1
Crispy Corn Pepper Salt,1
Grilled Pomfret,1
Butter Garlic Prawns,1
salt gravy,1
peanut chat,1
jambalaya,1
Jambalaya,1
Prawn Sushi,1
Nigiri,1
Alaska,1
chili basil sauce,1
Milk Thandai,1
Crispy corn pepper salt,1
Forest mushroom soup,1
lije masala rayta,1
Roti n naan,1
Panner makhani,1
Paneer curry & Jeera rice,1
Comb,1
togeather,1
masala ratia,1
Paratas,1
vedio,1
Buttery Aloo Paratha,1
chickn burgers,1
aloo gobhi,1
tandoori paneer paratha,1
lachcha paratha,1
aaloo gobhi,1
combo,1
dal makhni combo,1
masala raita,1
aalo paranthas,1
parathas tikas,1
aloo-kulcha,1
masala rayta,1
creme brule,1
Pizza arabiata,1
blue berry compote,1
BUTTER GARLIC PRAWNS,1
Sirloin steak Cilantro fish Jumbalaya Cheese cake,1
salmon steak Rib eye steak,1
chewey meat,1
choclate brownie,1
CHOCOLATE JAMUN WITH ICE CREAM,1
GULAB JAMUN,1
SCHEZWAN CHICKEN GRAVY,1
BURNT FRIED RICE,1
BUTTER NAAN,1
DAL TADKA RARA GHOSHT AMRITSARI KULCHA,1
DRAGON PRAWNS,1
THAI BASIL CHICKEN WINGS CHICKEN WONTON NAWABI SHIKAMPUR KEBABS,1
Penne pasta-chicken,1
GRILLED POMFRET CHILLI CHICKEN,1
Cucumber & Mint Virgin Pinacolada Spicy Tango Blue Lagoon,1
beef steak,1
mutton sikampuri kebab,1
Veg Uramaki,1
Peri Peri Chicken breast,1
Chicken Peking Style,1
Risotto,1
Creme brule,1
philadelphia cheese cake,1
Thai green curry vegetables,1
Smirnoff vodka,1
antiquity whisky,1
Bacardi white rum,1
dal tadka mei kadi patta dalne,1
Mutton Galouti Kebab,1
spl non veg thali,1
 peach chicken,1
non veg spl thali,1
amruthsari kulcha,1
Punjabi non veg spl thali,1
kadi chawala,1
lababdar,1
I kebab,1
boondi,1
Mix raita,1
Mix vegetable,1
edible oil,1
Butter roti,1
ane,1
Kulccha,1
Boondi raita,1
veg thali veg curries,1
Punjabi Non veg thali,1
Nonveg,1
kebab chicken,1
Amritsari Buttery Kulcha,1
Paneer Sabji,1
Paneer Combo,1
Veg Combo,1
Paneer Kadhai,1
Tandoori Rotis,1
Mutton Kebab,1
Boondi Raita,1
punjabi khana,1
dal makhni n paneer curries,1
veg n non veg,1
Sweet Lassi,1
Bundi Raita,1
red kidney beans,1
black lentils,1
Punjabi Thali,1
Dum aloo,1
paneer cubes,1
onion - tomato Raita,1
i dum pulao veg,1
veg seekh Kebab,1
Luck,1
Galouti kebab,1
Lucknow Chicken Dum Pulao Boneless,1
veg dum pulao,1
mutton Galouti kabab,1
 rotis,1
jabi Th,1
Kebab Pieces,1
Non Veg Kebab,1
gauloti kebab,1
Paneer kadhai,1
Chola,1
Chola masala,1
makhan makhani,1
RUBBER,1
Malai Kofta gravy,1
Dal makkhani,1
Sarson da saag,1
Makki Di Roti,1
lucknawi chicken pulao,1
Veg thalis,1
kadhi chawal,1
Hash brown potato,1
pcs boneless strips,1
chicken popcorn rice,1
krushers,1
smoky chicken,1
mutton galuati kabab,1
smoky chicken rice bowl,1
kfc chicken,1
hashbrown,1
chicken zinger,1
hot n crispy,1
jus,1
pepsi,1
Smokly,1
Snacker,1
devil,1
double zinger burger,1
i veg galouti kebab,1
paneer mirch wala,1
mixed Veg curry,1
Veg Galaouti,1
onion mix,1
Peas,1
Mixed Veg curry,1
Galouti Kebab,1
galawati kebab,1
awadhi pulaao,1
Lucknowi biryani,1
d Delhi dal makhni,1
dalnmakhni,1
chauk bhool jaoge,1
veg Galaouti,1
Lassi sal,1
shikanji/jaljeera,1
veg Galaouti kabab,1
chaachh,1
Paneer Lababdaar,1
garlic peices,1
sarson,1
makhan,1
white butter,1
Sarson ka Saag,1
Punjabi thali,1
toor daal,1
orange galouti kabab,1
Pudina paratha,1
Punjabi Nonveg,1
garlic Naan,1
dahi ke kababs,1
Chips,1
Non veg Lasagne,1
spinach Lasagne,1
moctkail,1
veggie noodles,1
pasta oligo e olio,1
French Fry's,1
brew beer,1
Dahi ke kabas,1
Honey chilli patao,1
baby corn tempura,1
ale,1
Pinnacolada,1
chicken rice,1
pink pasta,1
Shepherd's pie,1
broccoli fermentino,1
Summer Blonde Ale,1
chilli garlic baby corn,1
veg schezwan noodles,1
fish & chips,1
virgin pinnocolada,1
bikash,1
bikash shoo,1
Hot toddy,1
cottage cheese fingers,1
Mexican veg salad,1
Chicken lasagne,1
Apricot Pudding,1
BEER,1
BELGIUM,1
raita Star,1
fish tikka Chicken tikka Meat ball Dal tadka Mutton biryani,1
tandoori veg,1
seekh kabab,1
jalapeño cheese poppers,1
Spaghetti Bolognese,1
LASAGNE,1
Roast lamb,1
loose tobacco,1
mushroom Tikka,1
cigarettes,1
tobacco,1
loose tobacco cigarettes,1
Ale,1
Ale beer,1
ALE,1
cheese kurkure fingers,1
Shots,1
Brew beer,1
paneer kadhai,1
herb and citrus,1
tomoto sauce dressing,1
beer wine cocktail,1
rajma-chawal,1
galhouti kabab,1
Amritsari Kulcha chole,1
capsicums,1
veggie curry,1
lentil,1
non veg thali,1
mutton galauti kebabs,1
Achari Paneer Tikka Chole Kulche Galowti Kabab Shikanji,1
Rajma Chawal,1
Punjabi spcl Veg Thali,1
matar panner,1
galouti kebabs,1
Dilli ki yaad aa gayi,1
hens hair,1
Chicken Dum Pulao,1
Punj,1
veg / non-veg Thali,1
murgh tikka masala,1
chicken dum pulav,1
ari Kulcha,1
Veg Dum Pulao,1
veg galauti kababs,1
ulta tawa paratha's,1
mutton Galaouti’,1
Galaouti Kebabs,1
Chicken masala curry,1
chicken  biryani,1
Mexican chicken quesadillas,1
schezewan chicken fried rice,1
Belgian Strong Ale,1
Belgian Wit,1
lasagna rolls,1
veg Platter,1
Chicken chatpata,1
mix curry,1
chicken afgani,1
mot fredh,1
Afghani Chicken,1
Birayani,1
thanx zomatoo,1
coal,1
afghani chicken,1
zara hi-fi handi biryani,1
gum,1
minis,1
fries rice,1
chicken biriyani handi,1
butter nons,1
vth butter chicken,1
tangidi kebab,1
chicken chilly chicken,1
omlate,1
Curry chicken,1
Dahi ke Kabab,1
Penne Arrabiata,1
imli chutney,1
Pot Pourri Chicken Roast,1
Corn Masala Cheese Butter Maggi,1
maggi noodles,1
maggi's,1
maggy,1
egg double chicken cheese fried maggi,1
Meggie,1
Double Chicken Maggie,1
Double Egg,1
maida balls,1
chicken Maggie,1
Double Masala chicken Maggi,1
Double Egg Chicken Maggi,1
fried chicken maggi,1
non veg Maggie,1
veg cheese maggi,1
cheese corn maggi,1
Double Egg Double Chicken maggi,1
vegetable maggi,1
Maggie masala,1
maggie's,1
veg corn Maggie,1
Paneer maggi,1
vegitables,1
band k,1
faida khana acha,1
butter & cheese,1
Maggi Noodles,1
egg double chicken fried Maggi,1
corn fry magi,1
Lemon chicken,1
Seafood,1
panasa Kaya curry,1
Mango Juice,1
Carrot Halwa,1
chicken maggie,1
corn fried maggi,1
cheese veg Maggi,1
veg fried Maggi,1
cheese/butter,1
double chicken magi,1
Double egg double chicken,1
double egg chicken Maggi,1
Double egg,1
Fried veg maggi,1
Mom,1
vegetable cheese Maggie,1
veg cheese Maggi,1
Maggis,1
om,1
Cheese Corn masala,1
masaledaar,1
double chicken fried Maggi,1
half egg,1
Phir uska zaroorat,1
karega ise khake,1
sala kutta bhi,1
mughals spices,1
blady Biryani,1
Briyani rice,1
Behrouz biryani,1
spoillers,1
adi,1
hyder,1
mutton peices,1
chocolate lava cake,1
falafel-e-khees,1
veg Subz-e-biryani,1
veg Shahi subz D,1
Murg biryani,1
Bloody biryani,1
Lazeez Bhuna Murg Biriyani,1
chicken lazeez biryani,1
behrouz,1
veg falafal biryani,1
rice grains,1
afghani style biryani,1
Murgh Mahakani Biryani,1
Mint Raitha,1
Badam,1
biryani thigh,1
non veg Deserts angur gulab jamun,1
lajeez bhuna murgh biryani,1
Chicken n  Mutton biryani,1
gaand wala khana banaye,1
onion salad,1
i Biryani,1
Bhuna Murg biryani,1
gluab jamun,1
dum ghost biriyani,1
behrouz biriyani,1
una Murgh Biryani,1
Murgh biryani,1
Gulab jammun,1
chicken kheema biryani,1
pavking,1
fragnace,1
lazeez murgh biriyani,1
Kewl,1
Mint raita,1
Lazeez Bhuna Murgh Biriyani,1
Gulabjamoon,1
R,1
chicken Buryani,1
gulab jal,1
keora water,1
behrouz Royal biryani,1
Mirchi salan,1
ani biryani,1
Royal biryani,1
Kheema pulao,1
ala Carte,1
Dahi ke Kababs,1
Bengal fish curry,1
chicken manchuri,1
Biriyani dum,1
Boiled Eggs,1
Egg biriyani,1
EGG Biriyani,1
Tandoori Prawns,1
Zafrani murg Biryani,1
snavks,1
Goli soda,1
Zaffrani tangdi chicken,1
Patthar ke Ghosht,1
Chicken Tandoor,1
zafrani  biryani,1
juices/shakes,1
Chicken 🍗 tikka masala,1
Schezwan chicken 🍗 fried rice,1
achari chicken,1
mutton galouti kebab,1
rogan josh curry,1
Rogan josh,1
kubani ka meeta,1
choos swagath,1
Pathar ka Ghost,1
Spices,1
Haleem Haleem Haleem,1
malai kebabs,1
zafrani chicken biryani,1
uch,1
Flies,1
chicken nawabi,1
trifle,1
biryaani,1
Chicken and Mutton Biryaani,1
bone soup,1
zafrani mutton biryani,1
achari mutton,1
tuna,1
cakes shakes,1
faluda,1
lime soda Fish,1
chicken tangdi kebab,1
confectionery,1
zafrani biryani,1
Chii chii,1
Chicken  Biryani,1
Chicken Afgani,1
Mango flavor cake,1
cashwer nuts,1
veggy Nawabi handi,1
achari murgh afgani,1
gachibowli pistha,1
pacel frm pista,1
Biryani no mutton piecec,1
vegetable haleem,1
Mamsam pulav,1
Mamsam Pulav,1
Rice/Noodles,1
Andhra Chicken Tikka,1
Kheema pulav,1
Chilly garlic fried rice,1
veg kofta curry,1
rasam water,1
paneer pulav,1
veggies kaju pulav,1
rasgulla,1
Paneer sticks,1
Pot pourri chepa,1
pot pourri chepa,1
ner,1
Veg sheek kabab,1
cashew pulav,1
Pachi mirchi kodi pulao,1
sour chicken soup,1
pot pouri royala vepudu,1
Prawn biriyani,1
Cashew chicken,1
hra,1
Mushroom chilli,1
mushroom chilli,1
Baby Corn,1
Paneer Manchurian,1
Veg Manchuria,1
pot pours kodi vepudu,1
Nellore chepala pulusu,1
Panner kulcha,1
Mamsam pulao,1
Pandumirchi royyala vepudu,1
Chilli egg,1
pot pourri,1
Veg pulav,1
gongura mamsam,1
Natu kodi pulav,1
ala,1
soup/paya,1
mutton Rogan Josh,1
butter Kothimeera butter roti,1
Nijam handi,1
Kaju kodi,1
Panner majestic,1
babycorn munchuria,1
chicken+ kaju starter,1
schezuan rice,1
shangai veg,1
patiala chicken,1
pappu Chicken lollipops,1
Pandumirchi Kodi Pulav nd Khubani ka mitta,1
Pot Pourri Kodi Vepudu,1
Pandumirchi kodi pulav,1
Pot Pouri Kodi,1
deseart,1
Crispycorn mojito n cosmopoliton,1
desearts,1
chicken n paneer,1
hot chocolate fudge,1
perk,1
all chocolate ice cream,1
mango and strawberry,1
Nutty Fruity Ice Cream,1
choco sticks,1
ice cream mixed,1
dry furit milkshake,1
Choco Chips,1
Chacolte,1
ranch burger,1
watermelon punch,1
Hot sauces,1
Hot BBQ,1
Lemon slush,1
Chicken Patty,1
Artichoke dip,1
wings lemon,1
Prawn tempura,1
BBQ wings,1
blazin wings,1
mango habanero wings,1
mango habanero sauce,1
Coronarita,1
muzu,1
choco chips ice-cream,1
Tropical Sunrise Sundae,1
Fruit poison ice cream,1
Y,1
nitrogen cubes,1
Thick shakes,1
fruit poison ice cream,1
fruit ice creams,1
chocolate sponge cake,1
choco chip chocolate,1
chocolate sundae,1
amul,1
brownie qty,1
hunny bunny sundae,1
Brownie blast ice cream,1
-f,1
Fruit poison,1
Nutella brownie blast thick milk shake,1
tutty frooty icecream,1
dry-ice,1
nuts/dry-fruits,1
ani nuts ice-cream,1
Amul Ice-cream,1
choco brownie almond,1
Bownie,1
Choclate Brownie,1
cocoan,1
tropical sundae,1
cranberry,1
ranch sauce,1
Jalapeño poppers,1
yellow dal,1
pesto pastas,1
icecream cake,1
Agnolotti Pasta,1
Thai Green Veg Curry,1
Minestrone alla genovese soup,1
alaska,1
carbonara,1
Veg- Pizza+ Pasta,1
d spinach,1
rib eye steak,1
Prawn cocktail,1
chicken kalmi kabab,1
mixed veg,1
fish tawa fry,1
Rib eye steak,1
lettuce leafs,1
Thums,1
broccoli salad,1
veg. maki,1
Penne Arrabiata Pasta,1
Dahi ke Kebabs,1
fondue,1
Penne Arrabiata pasta,1
Fresh lime soda,1
Blueberry Cheese cake,1
kaaja,1
in sauce,1
Primavera Pizza,1
bl,1
buffalo ranch chicken burger,1
Buffalo wings,1
Buffalo fried chicken,1
hot wings,1
Mutton burgers,1
Chipotle sauce,1
Chicken noodles,1
dhal makani,1
veg balls,1
Paneer M,1
paper,1
jaggery liquid,1
paper napkins,1
nap,1
lamb korma,1
creme brulee,1
shanghai rolls,1
wild mushroom risotto,1
lamb murtabak,1
Kaju burfi,1
kalakand,1
laddu,1
kaju burfi,1
belgium chocolate ice cream,1
Belgian Chocolate,1
Rajbhog,1
le,1
Rawa fish sticks,1
bell pepper onion pizza,1
BBQ pizza,1
Cheese balls,1
fish tava,1
maiones dip,1
Potato fry,1
Cosmopolitan cocktail,1
virgin mojito mocktail,1
Chilli fish,1
Chicken tikka pizza,1
burritos,1
nadi ka keen,1
Fir veg pizzas,1
pee,1
finger chips,1
Chilli Cheese Toast,1
angrezi whiskey,1
Desi,1
margaritas,1
vodkas,1
Dhol wala,1
Achari murg,1
non-veg nachos,1
ate,1
chanchal hawa,1
pepporoni pizza,1
chicken tikka chicken wings,1
bahadur ijajual,1
nog veg,1
deserts pan icecream,1
Bagodu gulab jamin,1
Pan ice-cream,1
veg/non-veg biryani,1
Icecream,1
butterscotch icecream,1
curd rice Icecream,1
pulihora,1
cripsy corn and pineapple,1
pan ice-cream,1
chicken keema pizza,1
mango icecream,1
Mashroom,1
Polite,1
Thai chicken curry,1
Non veg gravy,1
quesadillas,1
stuffed mushroom,1
Dahi kebabs,1
Tawa machhi,1
Malai kebabs,1
MUSTANG TERRACE,1
Nachoz,1
chakhna,1
Kesar Pista ice creams,1
chicken quesadillas,1
crows,1
cheese Cutlet,1
jalepeno cheese poppers,1
Prawns Cheesy Fries,1
siracha sauce,1
rib,1
Martini,1
pork spare ribs,1
Watermelon martini,1
jalapeño cheese balls,1
hookah,1
Virgin guava Mary mocktail,1
Chili guava martini,1
silu,1
chicken majestic,1
corn and cheese triangles,1
Chill mushroom,1
chicken Asian Style,1
whiskey & beer,1
sugar cane stick,1
salsa nachos,1
veg sizzlers,1
barbecue chicken,1
straw,1
jubliee,1
veg spring rolls,1
vape,1
budweiser,1
punjabi dhol,1
apes,1
FRIES,1
aloo bhajiyas,1
ALOO PAKODE,1
JALAPENO CHEESE POPPERS,1
BHEJ MANCHURIAN,1
MASALA LIJJAT,1
onions tomatoes,1
MASALA,1
awsm bbq wings,1
paneer pakora,1
chicken balls,1
Heineken,1
baileys shots,1
baileys,1
jäger,1
Non-Veg Biryani,1
Non-Veg Pizza,1
Non,1
desi dhol,1
Aloo Pakode,1
jalapenos,1
Jalapeno Cheese poppers,1
Dips,1
potato krisper burger,1
Hunan Chicken,1
Oat,1
southern chicken,1
cafreal chicken,1
goan prawn curry,1
Mutton Roghan boti kebab,1
tandoori pomfret,1
Squats,1
Potato Starter,1
Badami broccoli,1
badami broccoli,1
fried fish,1
fisherman wharf,1
Veg machow soup,1
Stuffed crab,1
cheez garlic bread,1
stuffed crab,1
butter garlic fried rice,1
kadhai chicken,1
tawa murg khatta pyaz,1
chicken caphreal,1
Ice Gola,1
ixed Veg,1
Chicken Butter Masala,1
Zaffrani Paneer Tikka,1
mai tai,1
cosmo,1
Phata poster nikla,1
bibinca,1
layered cake,1
Sea,1
insect,1
Tofu keema wrap,1
rajma rice,1
cutler,1
gobi methi paratha,1
bull frog,1
fish starter,1
Chicken Xacuti,1
Chicken Vindalho,1
Goan chicken curries,1
Butter Garlic crabs,1
fish curry rice,1
Fishes,1
blood,1
recheado masala,1
Crabs,1
ambiemce,1
seafoods,1
bubblegum,1
Rayala curry,1
Kadi patta/Karia paku,1
richado,1
Kingfish Richado,1
Mutton Xacuti,1
baga,1
colva,1
Tawa fry Fish,1
belgian beer,1
tarter dip,1
fillets,1
fish and chips fillet,1
Goan spices,1
prawn curry rice,1
fish masala,1
coconut base fish curry,1
pao,1
Chicken xacuti,1
paos,1
toddy vinegar,1
Mutton Kebabs,1
Tempura squid,1
Chicken Poppers,1
Chicken Kebabs,1
Lemon soda,1
lager beer,1
murgh,1
tandoori fish,1
Kichdi,1
parcel,1
Paneer bhurji,1
chur chur,1
palad,1
fish& chips and prawn curry,1
fish nam prik pao,1
butter garlic tiger prawns,1
potato rechado,1
lime mint juice,1
chilly pork,1
Loose prwans,1
bebinka,1
prawn butter n garlic,1
Goa,1
calamari,1
pork beef,1
vegetable pulao,1
Mix veg foogath,1
Mushroom tonak,1
prawn Balchoa,1
mixed veg pulao,1
butter friend prawns,1
Butter prawns,1
pinwheel,1
mutton xacuti,1
kadhai jhinga,1
coconut sambol,1
thao curry,1
daal tadka,1
butter/garlic naan,1
amritsari fish tikka,1
Dak bungalow chicken,1
millet and chicken,1
cocktail onion,1
istah shawarma,1
Kuddos,1
banana chocolate cake,1
paneer-dal,1
ghar rasma veg pulao,1
pomogranate,1
fruit pop oat meal bowl,1
Thai chicken rice,1
Tofu Keema,1
Masala Chaach,1
Paneer Curry,1
smoothie,1
blueberries,1
papaya,1
berry blast smoothie,1
date pudding,1
Wok-Tossed Millet Bowl,1
Chicken Peanut Curry,1
veg Thai green curry,1
egg white masala curry,1
Vegetable Pulao Brown Rice,1
Chicken Baida Roti,1
Wheat Chicken Momos,1
chicken tacos,1
Paneer gravy,1
Tawa Subzi,1
Kashmiri Chicken,1
Masala egg curry,1
fruit laddu,1
Matar patti,1
mota,1
Chicken Malai,1
Dry Fruit Shawarma,1
chicken rumali shawarma,1
Chicken Puff,1
Veg Puff,1
spl rumali malai chicken shawarma,1
roomali shawarmas,1
dry fruit chicken shawarama,1
Chicken Rumali Shawarma,1
mayo and sauce,1
leaves,1
Libby shawarma,1
Parata,1
kubbus shawarma,1
Rumali shawarma,1
Chicken Special Rumali Shawarma,1
khabooz,1
parota,1
veg paneer keema paratha,1
Lachha paratha,1
chettinad chkn,1
peanut chikki,1
tawa roti,1
sounf,1
Mangalorean Chicken,1
Nilgiri Chicken,1
cream Dal Makhni,1
rose water,1
fruit pop oatmeal bowl,1
egg masala bowl,1
tofu keema wrap,1
veg non veg,1
keema wrap,1
Chicken Keem Paratha Wrap,1
Haldiram mixture,1
kick,1
bread/bun,1
rajma type curry,1
Lucknow biryani,1
Luckhnowi chicken biryani,1
natural sweetener jaggery,1
detox smoothie,1
timato chutney rice,1
nonveg thali,1
chapathis,1
Chapatis,1
cabbage sabji,1
Chicken chettinad,1
Kcal,1
tofu keema parantha,1
Wok tossed millets,1
Tofu Keema roll,1
cranberries,1
Pomegranate protect,1
Maida No Sugar,1
Lemon tea cake,1
sweet sauce,1
chilly chicken Hakka noodles,1
cucumber and tomato,1
Paneer ki sabzi,1
wheat flour rotis,1
thai rice bowl,1
massaman veg curry,1
burji,1
tofu burji,1
tofu keema paratha,1
dates tea cake,1
chia seeds,1
coconut juice,1
flax seed,1
Dates tea cake,1
kachori's,1
kachori & chana chaat,1
date tea cake,1
besan ladoos,1
chicken thali,1
drinks/juices,1
Oats,1
oatmeal bowls,1
Fruit pop oatmeal bowl,1
Chur chur,1
white vinegar,1
green chilli,1
Veg dimsums,1
Pan Ice cream,1
gulaab jamun,1
aamras,1
golgappa,1
Chiken musallam,1
chicken Tikka masala,1
egg friend rice,1
Justin muffin Butch Cassidy,1
Suprim muttan Biryani,1
chillie chicken,1
Chicken masala,1
chicken pice,1
paradise biryani,1
Muttan biriyani,1
lime shoda,1
staturs,1
birya,1
Tanduri chiken,1
chicken biryani mutton biryani,1
Ege biryani,1
Nizam chicken biryani,1
chicken biryani's,1
Curry bowl,1
mutton piecs,1
mutton masala,1
jalebis,1
ner verry,1
Coconut noodels,1
chilli barbeque prawn,1
oriental Devilled prawns,1
Rabdi,1
quinoa,1
couscous salad,1
macaroni,1
kushal hasubul,1
hasubul kusul,1
Mutton kheema,1
jayanta hasebul kusul,1
jayanta kusul hasebul,1
paan ice,1
baby potato,1
bbq wings,1
badam kulfi,1
Mediterranean pasta,1
chilly fries,1
liquid nitrogen ice-cream,1
keema kulcha,1
Veg tempura,1
kachoris,1
Gol Gappas,1
mutton starter,1
oons/t,1
mango chilli prawns,1
Paradise Biryani,1
biryani ka baap,1
Spcal chiken cary,1
pradeep,1
Double metha,1
Thai peneer tikka,1
Kodi drum sticks,1
banjara tangdi,1
papiya shuvro,1
Hara Bhara Kebabs,1
garlic cloves,1
Daal Makhni,1
am,1
Hara Bhara Kebab,1
Shaam Savera,1
tomato basil shorba,1
Cheese sticks,1
basket biryanis,1
honey chilli lotus stems,1
Cheese Balls,1
paneer shashlik sizzler,1
corn cheese balls,1
Mutton biriyani,1
ana kodiak fry,1
honey chilli lotus,1
Chili honey lotus stem,1
Basket Biryani,1
basket mutton biryani,1
Panko Crumbed Mozzarella Sticks,1
Chilli Corn Kernels,1
Veg gilaffi Kabab,1
sizzler chicken tikka,1
falvours,1
mozarella sticks,1
dorittos,1
Tomato cream soup,1
panko mozzarella sticks,1
cut fruits,1
Egg frued rice,1
Egg salad,1
veg spring roll,1
ters,1
Appricot pudding,1
Vegetable Lasagne,1
Makhmali Paneer Tikka,1
broth soup,1
Kadai ghost,1
Veg spring rolls,1
jamun,1
shubroto,1
restro biryani,1
Apple,1
Guava and Chilli,1
green olives,1
Cheese and Cheese Pizza,1
Cottage Cheese Shashlik Sizzler Italian Nachos,1
Veg flexhazo,1
hamit,1
koshal,1
Khandari murgh rikka,1
Chicken Penne pasta,1
Mexican Pizza,1
Belgium beer,1
Kukad de sang,1
hoppery,1
Brewed Beer,1
California Chicken Pizza,1
Peri peri Chicken wings,1
Chicken poppers,1
Ceasar’s chicken salad,1
Three cheese mushroom,1
Lager beer,1
non veg kuttu parotta,1
craft beer,1
burmese,1
mecican pizza,1
🍎 cider,1
ceaft beer,1
Basil chicken tikka,1
Grill chicken,1
Biryani & chicken Biryani,1
kurbani ka meta,1
Pata 🍅 tomato red chilli 🌶 chutney,1
mutton juice,1
cheese mushrooms,1
Lager,1
Hyderabadi and ghee flav,1
mutton kheema kothu parotta,1
Froscher,1
Apple cidar,1
 cheese layer mushroom,1
lo aster meat,1
lobster shells,1
boti kebab,1
American Ale,1
white high beer,1
stout beer,1
kothu parotta,1
basil chicken tikka,1
California chicken pizza,1
shitake mushrooms,1
Chiken chettinadu,1
peri peri chicken fry,1
Veg Spring Roll,1
forscher,1
orange mocktail,1
Palak Tika,1
chicken pizza Fish fry,1
mexican pizza,1
irani chicken tikka,1
pepperoni,1
🍺,1
Mutton Laham,1
Galti toh ho j,1
oriental,1
diessart ossam sabir kusal jaki,1
kaju panner,1
pathar ka gosht,1
oil haleem,1
shah,1
haleems,1
chicken r mutton,1
badam kheer,1
liquid nitrogen ice cream,1
corn fry,1
Oriental Sweet Chilly Chicken,1
balloons,1
sweetcorn,1
mutton biryans,1
hasubul purno plesant,1
egg masala,1
veg kekab crispy corn,1
ramjan awsome,1
prawn orange shots,1
AUP SANJIT JAKIRUL,1
Apurna,1
Avinash,1
jaki,1
Sabir kusal,1
MOMO,1
ah ghouse,1
Prawns curry,1
napkins,1
Roties,1
vegetable biryani,1
veg briyani,1
vegetables briyani,1
chicken/mutton biryani,1
chicken Masala,1
Shah Ghouse biryani,1
Onion Salad,1
olk,1
rumali rotis,1
boti kebabs,1
chickens,1
spcl mutton biryani,1
Dryfruit Falooda,1
Apollo fish starter,1
Prawns biryani,1
mutton pcs,1
Non Veg biryani,1
sechwan rice,1
house Biryani,1
Shah,1
chicken keema biryani,1
Chicken SP Biriyani,1
Shwarma,1
butterscotch falooda,1
shwarma,1
shawarma roll,1
rice chicken porpcorn,1
Lime Soda,1
Cajun spice potatoes,1
choco-vanilla,1
watermelon n papaya,1
apple/pineapple jelabi,1
Browine,1
cripsy corn,1
chinese schezwan chicken,1
pacific blue,1
Blue mojito,1
Kuch kehene,1
Fruit BBQ,1
Kulfi,1
seekh kebab,1
chicken pepper soup,1
mutton sheek kabab,1
Kulfies,1
milk cakes,1
basa fish,1
American corn,1
mutton kebab,1
Chicken tikka nadi fish,1
Rose Mary Chicken,1
fish starters,1
paan kulfi,1
chocolate kulfi,1
Paan kulfi,1
Gulab jamuns,1
american corn,1
bbq prawns,1
Paneer Butter Masala Sizzler,1
Baked beans,1
Veg Sizzler,1
Vegetable Pasta,1
chicken fillets,1
noodles/rice,1
chicken sizzler combo,1
chicken American chopsey,1
Pineapple jalebi,1
chocolate chips icecream,1
Chicken Dum biryani,1
mutton sheek kebab,1
fish mutton,1
malai kulfi,1
Barbeques,1
kasmiri,1
fish chicken mutton,1
ghee naan,1
mutton sheekh kebab,1
Mains,1
gal Jamuns,1
corn tikki,1
dahi kebabs,1
Chinese,1
fish pine apple,1
bq chiken,1
octopus,1
papadi chaat,1
rahi bhalle,1
ian chaat,1
north,1
sandwichs,1
samsa chola kulcha chola,1
tadka,1
sumber,1
paratha's,1
dahi papdi's,1
dahi bhalla,1
samosa's,1
dahi tikki,1
aloo Naan,1
chole Bhatoore,1
Choles,1
Gol gappes,1
Gol Gappe,1
chole bhatoore,1
Butter Milk/Lassi,1
Punjabi Chole Bhature,1
Lachha Paratha,1
papdi chat,1
paav bhaji chole bhature,1
paneer kulcha combo,1
chapathi,1
Alu Kulcha,1
tawa starters,1
dahi papdi,1
Pan-Pista-mal,1
Gosht Biryani,1
Badami Gosht,1
lemon squeez,1
birista,1
MUTTON HALEEM,1
chicken Shawarma,1
Chops,1
Mutton Chops,1
Big Raan,1
aalu tikki,1
dila diya ap,1
Alu kulcha,1
Veg Club Grilled Sandwich,1
Samosa Cheese Grilled Sandwich,1
Bhel Puri,1
Papdi dahi bhalla,1
papdi dahi bhalla,1
Mix Veg paranthas,1
Aloo Kulcha,1
Kulcha comBo,1
Pani puri,1
aloo cheese sandwich,1
alloo paratha,1
Cottage cheese steak sizzler,1
brownie sizzler,1
Shah Ghouse spl Shawarma,1
v,1
politley sarvice,1
Paneer Kathi Roll,1
Black Dog Triple Gold Reserve,1
Cheese Chilly Toast,1
chicken n veg,1
Cheese Garlic naan,1
tomato onion gravy,1
Paneer lazeez,1
pineapple sticks,1
masala papad rolls,1
lolipop,1
Chicken Lolipop,1
Bombay sandwich,1
misal,1
Misal pav,1
misal pav,1
Tandoori Malai brocolli,1
Chicken Noodles,1
Hot Asian noodles,1
Chinese Choupsey,1
Chicken tikka Biryani,1
Asian noodles,1
jaisi dhaniya-pudina chutney,1
gharwale,1
Chicken kebabs,1
pankaj,1
tandoori/leg,1
abs gachibowli,1
dahi kababs,1
cookies biscuit,1
rice bowlz,1
ruppes,1
Hot crispy,1
Smoky Grilled,1
zinger,1
chicken peaces,1
zinger doubles,1
daserts,1
bufect,1
mutone and paan shot ice cream,1
aam Panna,1
handkerchief,1
quail,1
rabbit squid,1
duck,1
prawn barbeque,1
cheesy potato,1
antanu,1
veg barbecues,1
bahadur,1
badal,1
santunu,1
sittu,1
Maggi pizza,1
blue curacao,1
Bar tend,1
Sizzling Chicken sizzlers,1
veg seekh kabab,1
chicken Sizzler,1
Tikka Pizza,1
g Sizzlers,1
non-,1
chicken shashlik sizzler,1
Seekh kebab Paneer tikka sizzler,1
Fish Sizzler,1
lal maans lamb sizzler,1
fish fillet,1
Fish Shashilk sizzler,1
Fish Shashilk,1
Cottage Cheese Steak Sizzler,1
Fish shashlik sizzler,1
Cheese stuffed mushroom,1
spice chicken sizzlers,1
salads pasta noodles,1
currys biryanis,1
tipe staters,1
Mixed Biryani,1
pice,1
Chicken Sizzlers,1
hyderabadi sizzler,1
i tadkaa,1
Kabab,1
Garlic sauce,1
virgin pina colada,1
lers,1
lajeez paneer,1
BBQ chicken wings,1
pop corn chicken,1
Missal pav,1
missal pav,1
White Sauce Pasta,1
white sauce Pasta,1
NICE AMBIENCE,1
Italian cheese fingers,1
cosmopolitan,1
ice cold paneer,1
izz,1
Sizzling Sizzling,1
Lamb chops sizzlers,1
Chicken sizzler,1
chicken Manchurian sizzlers,1
chicken) sizzlers,1
Veg Sizzlers,1
Ala carte,1
chicken pasta,1
chillifslkes,1
cutlery oregani,1
soft drink,1
Soft,1
Pav bhaji,1
tawa butter pav bhaji,1
side aloo tikki,1
dhaniya chutyney,1
Tequila,1
Gin,1
LSD,1
wings chicken tikka pizza,1
croquette,1
Aloo tikki chat,1
vegetarian ÷chole bhature,1
GOLDEN TRUMPET BEER COCKTAIL,1
tomato juice,1
Tabasco Worcestershire sauce,1
BLOOD DIAMOND BLOODY,1
Bacardi rum,1
PIRATE PUNCH,1
green peas puree,1
melon,1
GREEN LANTERN,1
THYME,1
Cholebature,1
Achaari Daal croquette,1
mutton galouti,1
veg galouti,1
Green Veg galouti,1
peacocks,1
raw onion,1
moong daal chilla,1
Rum,1
Triple Sec,1
Triple sec,1
chi,1
pasta verry,1
fish tikka mutton glooti smoked chicken pizza,1
ouder dahi kebab chilly paneer,1
non veg plater mutton curry,1
dahi bhalle,1
non veg pizza,1
mini veg,1
Dahi bhalle,1
kiwi mint,1
sotb,1
chhole bhature,1
long island ice tea,1
Malabar Ghee fried Parotas,1
🍄 mushroom,1
Zucchini,1
cream sauce,1
coriander seeds,1
methi,1
Coriander sauce,1
Methi,1
Fusili,1
Dijon Mustard,1
Blood Diamond Bloody Mary,1
Malabar Parota,1
white bread,1
rock,1
cheese chilli toast,1
Malai Shawarma,1
chicken stuffings,1
Rumali roti shawarma,1
shawarma wrap,1
kya shawarma,1
Chicken Shawarma Samoli,1
Chicken Shawarma Rumali,1
Rumali Chicken Shawarma,1
Shah Ghouse Spl Shawarma,1
Falafel,1
khubus,1
shawrma roll,1
shahghouse shawarma,1
sweet roti,1
shawarma bcz,1
mayo/malai,1
Rumali Shawarma,1
Shah Ghouse Chicken,1
time sharwarma,1
Shah Ghouse Chicken Special Rumali Shawarma,1
finger,1
dry fruit shawarma,1
khaliooz,1
samoli,1
rumali chicken shawarma,1
chicken khorma,1
match,1
Masala coke,1
daal puree rolls,1
Tac,1
Alfredo Penne,1
Pesto Roast Vegetable Pizza,1
Jack Daniels Veg Italiano,1
dark wine,1
Honey Chilli Wings,1
Chicken taco,1
Gal,1
potato curry,1
Chole bathure,1
Panko crumbs,1
Achar,1
rumali malai chicken shawarma,1
clove,1
cashew paste,1
galouti masala,1
green,1
Mince,1
Green veg Galouti,1
mayoneese,1
kheera,1
Chicken shawarma,1
samoli shawarma,1
Khaliooz,1
Apke paise,1
milega,1
cheese toast-drab,1
nicecream,1
Sardarji tussi,1
gol gappa,1
Onions,1
Brownie Ice cream,1
Caremel sutra,1
dry ice pieces,1
ice snowppl,1
solid ice,1
ice cram,1
fruit concept icecream,1
Karamel Sutra,1
afghan nuts ice cream,1
dhahi chat,1
Stone,1
alphonso Mango icecream,1
cones,1
waffle bowls,1
Dry Fruit,1
cream stone ice-creams,1
fruit and nuts ice-cream,1
Fruit exotica,1
cone,1
Willy Wonka Icecreams,1
Red Velvet,1
dumplings mix,1
dahi bhalla papdi chaat,1
Maine kuch bhi likh diya,1
papadis,1
dahipuri,1
pav baji,1
chole batura,1
samosa ragada,1
paneer kulhca,1
paneerbutter masala,1
Chaat,1
sev-puri,1
mirchis,1
mix veg kulcha,1
chole bhatire,1
Papadi,1
polythene,1
pickel,1
sev puri,1
Lemon juice,1
Mixed Veg Paratha,1
Sand wich,1
ghar ka khana,1
Aloo methi paratha,1
paani poori,1
dahi poori,1
karara palak chaat,1
masala aloo,1
willy Wonka,1
Nuts,1
chholey,1
chicken pockets,1
Tiramisu Chocolate,1
Twisted Mango,1
creamstone gachibowli,1
Nutella brownie,1
butter chicken momos mutton Shrek Kabab pasta,1
tacos,1
staf,1
green veg gulati,1
dahi kabab,1
Gulabjamun,1
Sangria wine,1
Matar Kulche,1
alfanso,1
Papdi Chaat,1
Gol Gapp,1
Cranberry Cooler,1
Wet Garden cocktail,1
Red thai curry,1
Papdi cha,1
Gol gappe,1
Dahi Bhalle,1
Chicken salad,1
corn pizza,1
sahi malai tikka,1
Hot Choco Fudge,1
alphanso,1
chocolate icecream,1
m& m's,1
Dry Fruit Overload ice cream,1
caramel sutra,1
Chocolate ice cream,1
Masti,1
Nutty ice-creams,1
magic pops,1
lichi lake,1
waffle nutcracker,1
chocolava,1
ICE CREAM,1
iceCream,1
oreo's,1
mangos,1
Afghan ice cream,1
cream stone dry fruit,1
dry fruit ice cream,1
nuts loaded ice cream,1
nutella brownie ice cream,1
apple ice cream,1
Alphonso ice cream,1
ice cream cakes,1
Alphonso mango,1
Alphonso mango Icecream,1
alphonso ice cream,1
n nawabi chicken,1
burger bun,1
Mutton Kheema Biriyani,1
Karela/bitter gourd,1
Tanduri roti,1
rumali roties,1
bindi,1
dhal,1
mixed subzi chatpata,1
peas,1
Strawberry milkshake,1
Mixed subzi chatpata,1
harabhara kabab,1
ghee roast,1
ghee roast masala dosa,1
sambhar idli,1
sambhar vada,1
ghee dosa,1
rava masala,1
Ravva dosa,1
karampodi,1
butter masala dosa,1
dahi vada,1
vada sambhar,1
idli sambhar,1
gobi manuchurian,1
uttapam,1
Ginger Tea,1
Bisibelle Bath,1
dal and Sambhar,1
paneer sabzi,1
veg chilly sticks,1
Semiya,1
Telugu lo cheppalante,1
besibelebhat,1
ian ala carte,1
tequila shots,1
Veg soft noodles,1
Tandoori mushroom,1
Combo veg thali,1
bisebella bath,1
sambhar rice,1
sabzi,1
al- karte,1
kirayi,1
Veg chilly sticks,1
semiya,1
roti basked,1
chilli vegetable sticks,1
mud,1
dabas,1
ala kart,1
Puri,1
funda,1
 curries,1
pepper curry,1
Golden fry baby corn,1
Cheese Dosa,1
Pineapple Kesari,1
Ginger chai,1
Platters,1
garlic noodle,1
Indonesian prawn curry,1
chilli flake,1
garlic chicken,1
PHAD THAI MIX SEA FOOD,1
Burmese khow sue,1
mix sea food rice,1
Mix sea food soft noodles,1
BAR B Q CHIKEN,1
NASI GORENG CHIKEN,1
TOM KHA GHAI SOUP,1
Monis,1
Chiken manchurian,1
French beans,1
pot garlic gravy,1
shewzwan noodles Noodles,1
mee gorang noodles,1
talumein soup,1
Mee Goreng,1
hot pot,1
wontons,1
lamb and dragon prawns,1
rice noodles,1
pad thai noodles,1
chiken manchurian,1
black pepper chicken curry,1
podi idli,1
tiffins,1
pesarratu,1
Butter pav bhaji,1
Poori Bhaji,1
Idli-sambhar,1
rava idlis,1
CHUTNEY,1
dosa poori,1
hoch poch,1
Juice and Tea,1
parota kurma,1
Pineapple kesari,1
Kerala Parotta,1
Chicken Chilli Garlic Rice,1
pakodas,1
bhajji,1
sambat idlis,1
ore bondas,1
idlis,1
karampudi idli,1
Sam,1
iddli,1
raosted chiken,1
Kung pao vegetables,1
Oyster Chicken,1
Kammaga undi,1
Bagaira baingan,1
Kadahi paneer,1
brinjals,1
Paneer patiala,1
Non Veg Mini Thali,1
dal and roti,1
butter/ghee,1
Ajwain Laccha Parantha,1
Boneless Murg,1
Methi roti,1
Amrutsari murg,1
Amritsari lassi,1
Punjabi Murg Palang Todh,1
paneer mussalam,1
Dahi ke Kebabs Jwalamukhi Tikka Achari paneer tikka,1
Chana Chaat,1
mal,1
dahi kebab,1
dal khichdi,1
lasuni murgh tikka,1
tandoori murg,1
lasooni Tikka,1
mooli ke parathe,1
Mooli paratha,1
Mutter paratha,1
ginger chuncks Tandoori roti,1
Dhabe di daal,1
kebab no dahi,1
Kadi pakodi,1
Methi Missi roti Ajwaini laccha paratha Butter naan Jeera rice,1
jwalamukhi,1
dhuni dum ke aloo,1
Chicken keema nachos,1
Makki ki roti,1
gajar Ka halwa,1
naan Dhaba,1
Paneer Szechwan,1
gazar ka halwa,1
Gazar ka halwa,1
Sa,1
Sanson ka saag,1
Makee di Roti,1
Dhuni dum ke aloo,1
desi chicken nachos,1
veg dildara,1
roomali roti,1
kamaal ka murg,1
lacha partha,1
Jawalamukhi tikka,1
Judwa paneer,1
paratha/kulcha,1
desi pizza,1
Mushroom manchurian,1
cream gravy,1
white gravy,1
veg nizam handi,1
Dahi ke kabab,1
Masala cold drink,1
masala cold drinks,1
samudana vada,1
tandoor roti,1
kela sabji,1
utappam,1
khichadi,1
kadhi,1
chaas,1
chaas/jaljeera,1
corn-peas sabji,1
orther sabji/gravy,1
kadi,1
samudana khichadi,1
sour curd,1
mixed fruits salad,1
banana veggie,1
navratan kurma,1
alloo gravy,1
peas corn gravy,1
navratri thali,1
Mathura lassi,1
veg. Thali,1
thaali,1
spices/ghee/oil,1
Anna paravannam/pongal,1
pulihare,1
corn n peas sabji,1
plain curd,1
Paneer Massallam,1
drumstick n tomato curry,1
Veg Machaow Soup,1
Dum Ke Aloo,1
Shikari Murgh,1
tandoori momos,1
Paneer do pyaza,1
Dahi kabab,1
Veg angara,1
veg angara,1
okk,1
aachar paneer tikka,1
hara bara kabaab,1
Schezwan Noodles,1
chaas/lassi,1
Sabzi,1
kurbani ka meetha,1
masala non veg,1
Corn fried rice,1
bhendi,1
channa curry,1
corn fried rice,1
Tandoori mushrooms,1
al,1
banana lassi,1
Badami Paneer,1
non veg noodles,1
Phad Thai phak,1
mixed fruit mocktail,1
alfonza,1
rose milk,1
Gadwal kodi pulav,1
Pachi mirchi kodi pulav,1
prawns vepudu pulav,1
ulvacharu kodi pulao,1
ulavachru biryani,1
Bengali Kodi,1
ghee Mysore pak,1
achari ghoshti,1
pachi mirchi pulav,1
laddoo,1
kotha chicken,1
Egg Biryani,1
paak,1
Gadwal pulao,1
Kodi chips,1
Guntur billal Mutton biryani,1
Raju garu pulao,1
curd cutlet,1
chicken sambar rice,1
chicken vepudu,1
Raju gari kodi palav,1
guthivankaya pulao,1
Raju gari Pulao,1
Lime soda,1
Chapala Pulus,1
hra rochulu,1
laddoos,1
Mamsam vepudu,1
royyala pulao,1
ulavacharu chicken,1
pachi mirchi royyala pulao,1
mamsam roast,1
kothmira kodi kura,1
rajugari natu kodi pulao,1
Fish vepudu,1
bamboo Chicken n pachi Mirchi kodi pulav,1
Rayala vari kodi pulao,1
porridge,1
Kodi Pulao,1
motichur ladoo,1
cowmilk,1
Rose Milk,1
Chicken Roast,1
Raju Gari Kodi pulao,1
koramenu,1
non veg pulav/biryani,1
veg ulavacharu biryani,1
Sweet corn soup,1
gadwal Kodi pulao,1
Royyala vepudu,1
lemon corriender soup,1
custard pie,1
prawns masala,1
schezuan,1
mix veg salad,1
veg curries Tomato rice Chicken friend rice,1
chicken shakahari,1
mutton handi,1
Curd rice,1
Bhindi fry,1
Bisimille bhaat,1
hariyali paneer tikka,1
veg tikki,1
non-veg soup,1
Egg bhurji pao,1
Chilli corn salt and pepper,1
munchurian,1
non veg starters Chicken biryani,1
chilly wings,1
movcktails,1
julabjamun pieces,1
Ambiens,1
DESSERTS,1
hara bhara kebab,1
broccoli and spinach soup,1
punjabi pheerni,1
punjabi kukkad,1
Shorba n lasoon fish tikka,1
Non Veg Starter,1
Non Veg starter,1
fish gravy,1
Iced Tea,1
chicken russian salad,1
Veg rolls,1
chicken hot and sour soup,1
Chicken russian salad,1
Chicken Fry Biryani Mutton Biryani,1
paneer Kulcha,1
chicken fry biriyani,1
Oil,1
uke,1
chicken fried piece biryani,1
kinley soda,1
Rolls,1
Dosa roll,1
Chicken kadai curry,1
Malai tikka,1
malai kabab,1
grren chutney,1
muuton briyani,1
murgh malai kabab,1
cream of mushroom,1
cuddle milk soup,1
afgaani chicken,1
fry Biryani,1
ove,1
Phirnis,1
dhana chicken,1
Pachi Mirchi Kodi pulav,1
Oorugallu Veg Pulav,1
Pachi Mirchi Pulav,1
maonchow soup,1
Tei Pei Chicken,1
lemon corriander soup,1
soups Tom Kha Gai,1
ch,1
xhilli potato,1
veg pad thai,1
pepper prawns,1
sesame chilly chicken,1
veggie momos,1
tei pei chicken starter,1
America chicken chopsuey,1
chicken skin,1
Kodi drumsticks,1
Kung phu chicken,1
veg kung Pao,1
Khao Phad Kruptao,1
Sesame Chilli,1
Khao Soi,1
salt and pepper vegetable starter,1
crab fried rice,1
Khao Phatkraphao,1
Honey potato noodles,1
Honey Chilly Potato,1
Veg Chilly Garlic Noodles,1
Kung pao Chicken,1
Drawn prawns,1
restaurents,1
fried ice cream,1
Litchi Punch,1
Tei Pei,1
Tei pei chicken,1
chicken lemon coriander soup,1
Chicken lemon coriander soup,1
prawns Thai soup,1
Toma Gai/Gung,1
Phad thai Rice,1
diff sauces,1
chillis,1
coconut kind gravy,1
basha fish,1
Phad Thai Phak,1
Tai pai chicken,1
Coconut based soup,1
Tom kha gai/gung - Chicken Soup,1
Fried ice cream,1
Pad Thai rice,1
suaces,1
fried onions,1
suey,1
Kung Pao,1
tom kha gai/gung,1
Burmese Khow Suey,1
restaurent,1
koba sezler,1
Oorugallu Veg Pupav,1
Gadwal pulav,1
Raju Gari Kodi Pulao,1
Chepala Vepudu,1
Chicken Vepudu,1
Raju Gari kodi palauo,1
Raju Gari kodi palav,1
Pachi Mirchi kodi pulao,1
Pachi Mirchi Kodi Pulao,1
Raju Gari kodi pulav,1
Pandu mirapakaya,1
avakaya biryani,1
Mirchi bajji,1
Guti vankaya pulav,1
raju gari kodi pulav,1
Mokkajonna Vepudu,1
Ulavacharu veg pulao,1
pachimirchi Kodi Pulao,1
Raju gari Kodi pulao,1
ry Rosemilk,1
Curd Cutlet,1
Onion Rings,1
peanut chicken,1
ULAVACHARU,1
mango pickle,1
baby onions,1
Andhra kodi pulusu,1
korameenu vepudu,1
american chopsuey,1
ragi sankati,1
chicken stater,1
Dim Sums,1
Fried Ice Cream,1
Gadwal kodi pulao,1
Godavari royalla vepudu,1
Rose milk,1
bongulo chicken,1
raju gari Kodi pulav,1
Natukodi kaju vepudu,1
Ulavacharu biryani,1
konasema kodi vepudu,1
andra kodi kura,1
kodi vepudu pulav,1
natu kodi pulsu,1
chapala vepudu,1
Kotha kodivepudu,1
ati,1
ragi,1
Chicken Fried Piece Biryani,1
raju gari kodi pulao,1
Kodi vepudu biryani,1
kakathiya mamsam vepudu biryani,1
vepudu,1
Kodi roast,1
Shikari murgh,1
Chicken biryani Breads,1
Kheema biriyani,1
American pancakes,1
Sour Dough Breads,1
Elderflower Lemonade,1
cheese pannini,1
tuna salad,1
pizza quatro formagio,1
ice teas,1
chocolate and blueberry sauce,1
sour dough bread,1
apple doughnut,1
toffee apple doughnut,1
Macaroons,1
sandwiches/sourdough pizza,1
Lime tart,1
garlic butter,1
ginger paneer,1
Baby corn Manchurian,1
Egg fries rice,1
chicken egg noodles,1
ararot,1
ner in chilli panner rice,1
noodles bowl,1
Chicken ,1
Chilli Chicken,1
fry,1
baby corn manchurian,1
swiss Muesli,1
tiramisu cup cake,1
apple mojito,1
Fish & Chips,1
Tiramisu cupcake,1
paninoli bread,1
chicken panini,1
Vanilla latte,1
sourdough bread sandwich,1
Mexican buns,1
quattro fromaggi,1
whole wheat bread,1
Quadruple Swiss Chocolate Cookie,1
English paneer tikka sandwich,1
tartar sauce,1
Eggs Benedict,1
Croissant,1
iced latte,1
wholewheat bread,1
coleslaw,1
ced Latte,1
Panini,1
Basque Chicken Sandwich,1
broccoli sweet corn turnover,1
pesto veg sandwich,1
aglio olio pasta,1
Croissants,1
Bak,1
gobi manchurain,1
chill potato,1
Plain noodles,1
Rosemary Chicken,1
gobi manchurian,1
noodles combo,1
Gobi chilli,1
non veg combos,1
crispy corns,1
black olives,1
veggie salad,1
lassi/buttermilk,1
prawn noodles,1
corn n Apollo fish,1
Parmesan Cream Pasta,1
Fusilli,1
gobi manchurians,1
Chicken Teriyaki,1
Chilly Oyster Wings,1
Chicken laila biryani,1
Veg curries,1
Veg Tom Yum soup,1
Cris,1
bar,1
Tandoori pineapple,1
Chilly eggs,1
tandoori pineapple,1
Green chutney,1
hygene,1
rice-chilli chicken,1
Ginger garlic potato noodle,1
ake Gobi munchurian,1
Ginger garlic chicken noodle,1
onion lemon,1
Gobi Manchuria,1
gordon ramsay,1
aloo ki sabji,1
noodels,1
cello tape,1
Paneer/manchurian,1
Chilli baby corn fried rice,1
Egg noodles,1
Ghobi manchurian,1
Egg Noodle Box,1
egg rice,1
veg and egg,1
Manchurian balls,1
Veg Hot and Sour Soup,1
red chilli powder red rice,1
Noodle,1
chilli chicken gravy,1
Vegetable noodle,1
scrambled egg,1
sels,1
TRIPLE BLACK PEPPER fried rice,1
gobhi,1
eggs benedict,1
raspberry jam donut,1
Garlic naan Butter roti Plain roti,1
chocolate ganache tart,1
espresso,1
chicken and mushroom soup,1
cream doughnut,1
Mocha caramel cake,1
rocher,1
Rocher Caramel,1
spinach and broccoli Omelette,1
Omelettes,1
ack,1
apple walnut Danish pastry,1
apples,1
apple walnut Danish,1
Tomato and Cheddar Cheese Croissant,1
Pain Au Chocolat,1
Almond Croissant,1
belgian waffles,1
artisanal coffees,1
artisanal bread,1
Mushroom quiche,1
au chocolate croissants,1
chocolate elixir,1
chilli con carne,1
Belgian Waffles,1
BBQ Chicken Panini,1
Quiche,1
Pain au Chocolate,1
cubes,1
French Toast,1
motichoor laddu,1
linen napkins,1
pesto naan,1
lamb biriyani,1
kheema uttapam,1
ki lapsi,1
chocolate pudding,1
chciekn biryani,1
cheese cakes,1
Fruit kheer,1
Moong dal Halwa,1
Barfis,1
mud pudding,1
Idiappam,1
Chocolate burfi sandwich,1
Crab,1
Mirchi ka salan,1
Sausages,1
Bacon,1
Chicken Salami,1
Sauted mushrooms,1
Pork pepperoni,1
Bacon salad,1
Tikkas,1
Fish Poppers,1
Peruvian Grilled Chicken,1
Eggs/Omlette,1
Sour dough bread,1
rye,1
Swiss hot chocolate,1
prawn croissant,1
salmon bagel,1
salmon Croissant,1
lemon cupcakes,1
tart strawberry sauce,1
bakes,1
Waffles-Yum Potato wedges,1
lemon drizzle,1
walnut bread,1
wholewheat raisins,1
quiches,1
spinach corn sandwich,1
Hot Swiss chocolate,1
Caramel donut Latte,1
sweet corn turnover,1
pesto sandwich,1
Goat cheese,1
Smoothie,1
Sausage,1
Pineapple Yogurt Smoothie,1
Hash Browns,1
Chicken Sausage Roll,1
tart,1
brocolli-corn puff,1
blueberry shake,1
arfagatto,1
caramalized onions,1
pasta arbiatta,1
english cottage cheese panini,1
european cheese,1
Quattro Formaggi Pizza,1
Cabonara Chicken Pasta,1
Aglio E Olio,1
side bread,1
Chicken pasta,1
Mushroom & spinach sandwich,1
cheese & tomato croissant,1
cinammon rolls,1
vegetable panini,1
puff,1
primavera pizza,1
caramel coffee,1
american panacake,1
masala omlette,1
omelets,1
sendwich,1
mushroom toast,1
choclate n cream,1
Mexican bun,1
Italian bread sandwich,1
acid,1
Ketchup,1
condiments,1
salt and pepper,1
adrakh,1
Bheemavaram pulao,1
Green mirchi chicken pulao,1
Bheemavaram mixed pulao,1
pudina water,1
jal jira,1
Hundi,1
handi biryani,1
chicken hundi,1
mutton hundi,1
paneer Tikka masala,1
bawarchi,1
cheese garlic naan,1
masala stuff kulcha,1
cheyakandi eavaru,1
evaru koda,1
mirchi-ka-salan,1
mini biryani,1
tat,1
bawarchi biriyani,1
Chicken Biryani Handi,1
gat gat galaouti,1
sava futiya seekh KABAB,1
Sheela ki shashlik,1
lachcha parathas,1
Missi Roti,1
Andhra Veg Biryani,1
Avakaya Biryani,1
veg biryanis,1
floor,1
sparkling blue,1
Sparkling blue,1
Ginger lemon,1
Mango Lassi,1
Cashew,1
Tomato curry,1
tomato Cashew,1
Indian bread,1
veg noodles Veg noodles,1
afghani Biryani's,1
avakya chicken biryani,1
tender chicken,1
mixed veg biryani,1
Chicken machow soup,1
Lemon coriander,1
mango's,1
Mocktails Mango lassi,1
hara mirchi kebab,1
Chicken Hara Mirchi kebab,1
Chicken Malai kebab,1
Bhimwaram pulav,1
Triveni biryani,1
Coconut,1
Veg Keema biryani,1
Bhatti da Murgh,1
Lassuni Chicken tikka,1
Sava futiya Seekh kabab,1
non veg thalis,1
Hara Kebab,1
cheese Garlic Naan,1
Gal Punjabi,1
chicken palang tod,1
chicken jwalamukhi,1
Honey potato chilli,1
Mushroom cheese,1
Paneer stuffed masala curry,1
Sweet lassi,1
Shikanjis,1
Mix parottas,1
Amritsari fish tikka,1
veg. galauti kabab,1
cheese naan,1
chicken jwalamukhi tikka,1
Tandoori Murgh,1
Murg Tikka Masala,1
Dahi ke kebab,1
Tandoori Momo,1
Bhatti kaMurg,1
Dahi Kebab,1
roti tandoori Panner butter masala Dal makhni Raita Rice,1
patiala Lassi,1
sheela ka shashlik fish,1
Cheese Garlic Naan,1
phulka,1
bhindu do pyaza,1
fulka roti,1
color,1
paneery curry,1
'dahi ke kawab,1
egg burji,1
paneer kebab,1
makki roti,1
Palangtod chicken,1
cheese kofta,1
Lime Water,1
Chicken Tangdi Kebab,1
rasile rajmah,1
chicken tandoori momoes,1
Egg masala,1
mutton bhuna,1
Punjabi tadka,1
Kadhai Chicken,1
Dahi kababs,1
patiala lassi,1
shikari murg,1
Stuffed kulcha,1
Tandoori 🐔 lollipop,1
Tandoori chicken lollipop,1
punjabi chicken masala,1
Phulka,1
TENDER CHICKEN,1
flour batter,1
onion carrots,1
pizza Chicken chipotle skewers,1
Thai Red curry chicken,1
buffay,1
chess balls,1
chicken bbq pizza,1
chipotle chicken skewers,1
Indian veg fried rice,1
Mexican rice,1
bar rice,1
nijami paneer,1
Meat balls soup,1
Kaju Rice,1
chicken ceaser salad,1
non veg soups,1
chicken chipotle skewers,1
chicken peri peri pizza,1
Chicken caesar salad Chicken Peri Peri pizza Chicken chipote skewers,1
Peach,1
mockatil Dp,1
Laila Biryani,1
Chicken Spicy,1
chicken do pyaza,1
butter non,1
veg paneer starter,1
tughlaq biriyani,1
Tandi,1
Chicken quesadillas,1
Bamboo chicken Ulvacharu mutton biryani,1
Thread Chicken Butter chicken,1
adrakhi malai mutton,1
lal piyaas,1
red onions,1
lal maas,1
Nijami Handi,1
Munchow soup,1
allo parotha,1
adraki mutton's gravy,1
adraki mutton,1
Pino Orange,1
Lal Maans,1
Shrimp Fettuccine,1
tomato shorba,1
Chilli Cheese Naan,1
chicken tangri,1
chicken Tandoori,1
hariyali tikka,1
Hot Gulab Jamun,1
cucumber mayo salad,1
Chicken hariyali Tikka,1
Chilli,1
curry/dal,1
Ulte Tawa ka Paratha,1
Stuffed Mushrooms,1
Bamboo,1
Ulvacharu mutton biryani,1
Ginger lemons,1
Veg lemon coriander soup Chicken manchow soup,1
chicken statters,1
Bongu lo chicken,1
ulavavacharu biryani,1
Prawns Fish,1
CHICKEN TIKKA BIRIYANI,1
avakai chicken biryani Afghani chicken biryani Avakai chicken biryani,1
horse gram soup,1
tomato cashew nut,1
chicken chetinadu,1
Indian breads,1
veg lemon coriander soup,1
ginger mojito,1
gongura Biryani,1
Qubani ka meetha,1
Egg-omelet,1
Afghani chicken Biryani,1
Avakai Chicken biryani,1
Uluvacharu Chicken Biryani,1
Kolhapuri Chicken,1
Chettinad Chicken,1
bread crumb batter,1
Brest chicken fillets,1
Corn balls,1
mango Lassi,1
gongura mutton biryani,1
Veg jaipuri,1
DUM Mutton biryani,1
Mutton dum biryani,1
ambince,1
triveni biryani,1
bhimavaram mixed pulao,1
biryans,1
Babycorn,1
Veg Paneer Babycorn biryani,1
paneer Ulvachuru Biryani,1
corn Biryani,1
Fried piece Chicken Biryani,1
Veg Manchuryia,1
green chilli kodi pulav,1
bamboo chichen,1
tikka masala,1
Lemon coriander chicken,1
birani,1
fry pice biryani,1
ers,1
panner biriyani,1
Bhimavaram mixed pulav,1
Kaju kheema rice biryani,1
biryan,1
adi dum biryani,1
Hyder,1
garlic naans,1
paneer starter,1
Mojito- Mocktail,1
cards,1
mushroom vepudu,1
coconut barfi,1
mutton roganjosh,1
veg tikka,1
shanghai fish,1
coustemers,1
Andhra chicken curry,1
ala cart,1
biriyani cud,1
chicken keema biriyani,1
Chicken fry piece biryani,1
Mughlai chicken,1
butternans,1
paneer majestic,1
Gulab jamoon,1
fruit pudding,1
CHICKEN,1
GRILL CHICKEN,1
GACHIBOWLI,1
chicken chilly gravy,1
i chai,1
Motton P Cs,1
mutton biryani hundi,1
zera rice,1
hundi mutton biriyani,1
handi chiken biryani,1
gg,1
Coca cola,1
Afghan channa,1
Egg Curry,1
naatukodi pulusu,1
Raagi mudha,1
se,1
sambar daal,1
Sambar rice,1
kritunga biryani,1
bananaleaf,1
triple pudding,1
Coconut Barfi,1
Bhendi,1
plain rice,1
Egg Burji,1
eggless pastries,1
White rice,1
Fry Y,1
Veg Pulav,1
Masala Rice,1
Chicken curry+ Veg Curry+ Mutton Curry+ Appolo Fish Curry,1
Veg+ Non Veg Starters+ Fish Starter,1
Sweets,1
pudina paratha,1
Banana leaf,1
tikka biryani ànd dum Biryani,1
Gulab Jamon,1
chilli chicke,1
shahi paneer qorma,1
n romali roti,1
and sour soup,1
Caprese Bruschetta,1
Chicken Tikka Kebab,1
Ice Tea,1
masala's,1
Starters Tikka n roll,1
kaaju kathli,1
Andar koi nahi baithta,1
anniversary cake,1
Hyderabadi chicken biryani,1
Banjara murgh,1
kathiroll,1
herb paratha,1
Indian Shorba,1
cashew curry,1
apple cooler,1
Beetroot paneer Tikka,1
Thai coconut soup,1
Kofta,1
modak,1
Malai kofta - lt,1
Capsicum,1
Apple chunks,1
sundowner Mocktail,1
Mango mint,1
Creamy Pesto Penne Pasta,1
Spaghetti Carbonara,1
butter naa,1
kodi fry,1
white sauce chicken pasta,1
apple Martini,1
Apple mint mojito,1
Veg Lasagne,1
chutney dip,1
Paneer ,1
Cranberry Base Mocktail,1
Fried Papad,1
moctail,1
smeiya paisam,1
kodi curry bagara rice,1
la karte,1
demi-glace sauce,1
white pasta,1
green tea,1
Woldrof Salad,1
Mongolian,1
chocolate crossant,1
Murtabak,1
Japanese noodles,1
Macrail,1
Hakka,1
Chicken and Thyme pasta,1
spaghetti carbonara,1
guthi vankai,1
Rice qaulity,1
Panner khaya,1
uri,1
 spice kebab,1
Broccoli kebabs,1
cheese pasta,1
Pork Spare Ribs,1
Vegetarian Fried rice,1
Lemon Butter Garlic Sauce,1
Broccoli soup,1
Red chilli chicken,1
Bakchoy fry,1
glass onion,1
almond praline,1
custard sauce,1
grapes,1
passion fruit,1
Stallion,1
Four Cheese Pizza,1
veggie pizza,1
Non veg kebab,1
broccoli cheese kebab,1
alcoholic beverages,1
veg Udon noodles,1
mixed sauce,1
kungpao chicken,1
veg Mezze,1
chicken chettinad,1
vegetable Burger,1
chicken breast steaks,1
fizz mocktail,1
vej,1
Korean waffle fries,1
lotus stem galouti,1
beer fish strips,1
waffle fries,1
pine nuts,1
Spinach Ravioli,1
wheat spaghetti,1
Spaghetti Aglio Olio,1
Pulao Rice,1
Mac n Cheese Steak,1
butter chicken curry,1
curry combos,1
chill coconut,1
Thin Crust Pizzas,1
Korean waffles,1
bangok spicy rice bowl non veg,1
pathari ghosh,1
Ravioli pasta,1
udon Noodles,1
teriyaki mushroom,1
kung paw chicken,1
Lotus stem galauti kebab,1
Broccoli Veg,1
sea salt Nutella,1
brocolli,1
Kung pow chicken,1
Glass Onion,1
SPICY NATU KODI,1
biriy,1
piece chicken biryani,1
Nellore Fish Pulusu,1
red mirchi rice,1
chiken biryani,1
chicken piecec,1
chicken roast,1
Kheema biryani,1
Kunda biryani,1
Keema biryani,1
MUTTON BIRIYANI,1
HOT,1
afood,1
coconut and nut gravy,1
Brinjal,1
Vangkaya,1
Ragi,1
Ragi Sangati,1
butavankay curry,1
ragi muda,1
polythenes,1
kamju biryani,1
wrost biryani,1
diz,1
iyani,1
Fish Pulusu,1
mozzarella cheese,1
kingfisher beers,1
spinach ravioli,1
Lotus stem Galouti,1
chicken risotto,1
Whiskey,1
Goey chocolate brownie,1
tomatoes chicken pasta,1
Lotus stem galouti kabab,1
Tempura prawns,1
creamcheese,1
basil leaf,1
veg tandoor,1
filter water,1
Lotus Stem Galouti Kebab,1
ip,1
Atishi murg tikka,1
 spice chicken kebab,1
Mezeh,1
BBQ Roasted Chicken pizza,1
Lotus Stem Galouti,1
Screw Driver,1
Chicken BBQ Pizza,1
Tiramisu pastry,1
Naan/Pulao,1
Lahori Paneer Combo,1
TRY Mocktails,1
kismis,1
green peas,1
casher,1
chickeb manchurian,1
fish mandi,1
Crispy corn chilli pepper,1
Golden fried babycorn,1
Lahori chicken kebab,1
papdi paneer kebab,1
Paradise biryani,1
Barkas Mandi,1
Fish Mandi,1
Lahori Chicken Kebab,1
haryali Fish Tikka,1
Veg Sheek kebab,1
mushroom Moti tikka,1
khaddu ka kheer,1
Khaddu ka kheer,1
Kubani ka meetha,1
veg Manchurian fried rice,1
Mandi Chicken tikka masala Veg kolhapuri Roti tokri,1
chicken Manchurian Grilled fish Mandi Mutton,1
veg Manchurian Marsala Spcl chicken noodles,1
Marsala Spcl Fried rice,1
murgh aachari tikka,1
paneer Papdi kekab,1
corn chilly pepper,1
Murg achari tikka,1
Veg kolhari curry,1
Kotkat milkshake,1
Chocolate milkshkae,1
Cashew Polau,1
Paneer papdi,1
Lemon coriander soup,1
tandoori paneer veg starter,1
kaddu kheer,1
mandi Rice,1
mandi Chicken fried mandi,1
Mushroom moti tikka,1
hariyali fish tikka,1
Chicken pahadi kabab,1
arabian mutton soup,1
chilli basil prawns,1
khubani ka mittha,1
Apricol delight,1
kuddi ki kheer,1
fish and mutton mandi,1
veg sheek kabab,1
lahori kabab,1
marg achari tikka,1
lahori chicken kabab,1
paneer papdi kabab,1
fish hariyali,1
lemon corriander,1
arabian chicken soup,1
lemon corriander souo,1
Lahori Chicken kebab,1
Paneer Papdi kebab,1
Lemon coriander soup Arabian Chicken soup Arabian chicken soup,1
intestines,1
Panneer Labardhar,1
chicken and veg biryani,1
bananas,1
Fruit custard,1
chettinad chicken,1
chetinad chicken,1
marsala special chicken,1
fish haryali tikka,1
Chicken hariyali kabab,1
PEAS,1
pahadi chicken,1
mulberry cream bowl,1
kadu ka kheer,1
dry fruit kheer,1
Pathar ka gosht,1
Malai Chicken,1
sweetdish,1
mango malai,1
tai pei chicken,1
patthar ka gosht,1
double ka meeta mango,1
ginger prawns,1
Dum ka Murg,1
Kheema Biriyani,1
Double Ka metta,1
gajar ka Halwa,1
Water,1
Paneer lababadar,1
kaddu ka kher,1
veg Wonton Soup,1
lemon Coriander soup,1
Chocolate Milk Shake,1
Kit-Kat Shake,1
Fish Grilled Mandi,1
Chicken Lahori,1
Chicken Lahori Tikka,1
marsala special chicken gravy,1
baby corns,1
Paneer pieces,1
Baby Corn Masala,1
kubani Ka metta,1
mashroom chilli,1
Kunng pao,1
Kung Pao Mahroom,1
Chicken Kolhapuri,1
salt and pepper vegtables,1
veg hara bhara kebab,1
Straters,1
Mushroom tikka,1
chicken faham,1
Gajar ka halwa,1
panner pakoda,1
kung pao mushroom,1
Haryali fish tikka,1
lahori chicken kebab,1
off,1
tempura fried prawns,1
Pasta arabiatta,1
hot water,1
Gilab jamun,1
roti biryani,1
J ASIF IQBAL,1
blossom,1
Mango Blossom,1
mohito,1
Kung pao fish Schezwan chicken Garlic chicken Bhutan chicken Pepper fish,1
veg & paneer,1
Sm,1
Asian Clear Soup Chicken,1
Absolut,1
Papri paneer kebab Prawn briyani,1
mutton mandhi,1
mandhi,1
Panner Biryani,1
chettinad curry,1
Chicken Chettinad,1
loose prawns,1
Loose Prawns,1
Chicken Spring Roll,1
bread crums,1
Basa fillet,1
Sweet Corn Soup Chicken,1
sour soup,1
Lamb Galouti,1
beetroot gravy,1
beetroot paneer Tikka,1
coconut Thai soup,1
Nihari,1
Nal ka Paani,1
baby lamb,1
Lamb Shank,1
Chaasni,1
Spinach & Ricotta Ravioli,1
Anjeer Kesar Kofte,1
Vegetable Lumpia,1
Buffalo Chicken,1
Clear Soup Lamb Pepper Fry,1
Bharwab Subz Kebab,1
Avocado Chicken Corn Chowder Soup,1
Cream of Asparagus soup,1
sea bass fillet,1
Scotch,1
Dinner,1
Chicken Breast Fish and Chips,1
Bland,1
Spring Chicken,1
South Indian Dry Chicken Curry,1
Pepper,1
Tomato,1
Veg corn soup,1
garlic paste,1
Milk Shakes,1
Chicken Pahadi,1
Lemon Corriander soup,1
Murg Malai Tikka,1
Kaddu ki kheer,1
fish fried mandi,1
Chiken pahadi,1
Hariyali fish,1
Arabianchicken soup,1
crisps,1
Kitkat shake,1
Butter scotch Milkshake Strawberry Delight Kit Kat Milkshake,1
Mutton Juciy Mandi,1
khara masalas,1
Mushroon Moti Tikka,1
Buffets,1
dawat,1
Kaddu Ki Kher,1
Leg,1
duggus,1
Juicy Mandi,1
Dragon Chicken-Chicken strips,1
Garam masala,1
Fish Fried Mandi,1
Mutton Juicy Marg Mandi,1
pahadi kebabs,1
pahadi kababs,1
haryali fish Tikka,1
gajar Ka Halwa,1
coriander chicken,1
Golden Fried Baby corn,1
pahadi murgh,1
Kaju Paneer,1
Paneer Tikka Biryani,1
breadsticks,1
sweet corn veg soup,1
Tandoori prawns biryani,1
Loose prawns,1
gobi Manchurian,1
double Ka meetha,1
gajar Ka Halwa double Ka meetha,1
Kung Pao Mushroom,1
chicken Tangdi Mandi,1
Mutton Juicy Mandi chicken Tangdi Mandi,1
veg seekh kebab,1
Kung Pao Mushroom dragon Chicken,1
Chicken Pahadi kKebab Chicken Banjara Kebab Kung Pao Mushroom Paneer Papdi Kebab veg seekh kebab dragon Chicken lahori Chicken kebab,1
Chicken dum biryani,1
khova,1
Mushroom Moti Tikki,1
Lahori Chicken Kabab,1
Golden Fried prawns,1
Hariyali Fish Tikka,1
veg penne Alfredo pasta,1
Lotus stem galouti,1
galouti,1
Egg Sub,1
Keema pav,1
paneer Tikka sub,1
kabiraji,1
burgers n pastas,1
ferrero rocher shake,1
Irani tea,1
Kadak chai,1
Irani onion samosa,1
club chicken sandwich,1
barbecue mushroom,1
mawa cup cake,1
Baida roti,1
Baida Roti,1
mil,1
potato fingers,1
mughlai paratha,1
chicken kabiraji,1
Sulaimani chai,1
sapno ke rani kab,1
jam roll,1
Vegetable Pizza,1
Filter Kapi,1
Spaghetti in Alfredo sauce,1
Barbeque Mushroom Sandwich,1
dum ki chai,1
till sub,1
tomato cheese sandwich,1
chocolate cheesecake,1
Barbecue Mushroom Sandwich,1
kasundi,1
nizami khati roll,1
Paneer chicken sub,1
BBQ chicken sub,1
Fruit juices,1
Alfredo sauce,1
mava cake,1
nizami roll,1
roohafza,1
red sacuce pasta,1
Irani chai and mawa cake,1
victoria cake,1
nankatai,1
Lemon Tea,1
Pink Penne Grilled Chicken Pasta,1
veg grilled sandwich,1
paneer kathi roll,1
chicken kobirazi,1
omlette Sandwich,1
Crispy square chicken patties,1
Sub Omlette Sandwich Crispy Chicken burgers Apple pie,1
BBQ chicken Sub Chicken,1
gossips,1
keem pav,1
ASTE,1
Bombay Roasted sandwich,1
Dum Ki chai,1
red velvet cookie,1
ferrero rocher pastry,1
pizza and ceaser salad sandwich,1
cheese burst sandwich french fries,1
Rainbow pastry,1
Ajwain biscuits,1
walnut cookies,1
chocolate chip cookies,1
overloaded fries,1
kiwi pastry,1
Black Forest pastry,1
mango cheesecake,1
Choco chip muffins,1
Oreo pastry,1
long masala banana waffers,1
Os,1
biscuits banana chips potato chips,1
Cashew biscuits,1
Pistachio,1
Fruit biscuits,1
confection,1
Red velvet custard cup cake,1
pastry cookies,1
fruit biscuit,1
iscuits,1
Nutella cupcake,1
icecream cakes,1
Roasted sandwich,1
mania biscuits,1
white sugar,1
pesto sauce,1
Chicken pesto sandwich,1
peri peri sauce,1
chais,1
Pasta sandwich,1
chai ir samosa,1
Pasta Sandwich,1
Fruit fantasy,1
fruit fantasy,1
black forest,1
wafers,1
almond biscuits,1
namkeen,1
biscut,1
Osmania Biscuits,1
olive mushroom,1
sirf naam bada hai,1
vanilla cupcake,1
Vegetable garden sandwich,1
Chocolate shake,1
Creamy Alfredo pasta,1
masala french fries,1
Hyderabadi veg grill sandwich,1
cutlets,1
beet root,1
Osmania biscuits,1
Pancake,1
cold waffle,1
nutella chocolate waffle,1
mini waffle,1
chicken waffle,1
Paneer rice bowl,1
chocochip pancakes,1
Cajun Omlet,1
Strawberry toast,1
Omelete,1
Hash browns,1
pancake/waffle,1
anda Maggi,1
chocolate cookies,1
Mocha Waffle,1
Maple Syrup,1
Caramel Banana Pancake,1
Banana caramel waffle,1
Ice cream waffle,1
peri peri fries,1
maple sauce,1
Veg iron,1
Nutella waffles,1
shwarmas,1
Crunchy Rice Bowl,1
Fruit pebble shake,1
tex mex shawarma,1
chilli garlic shawarma,1
Semiya kheer,1
khaya,1
veg starter,1
starter,1
sarsong ka saag,1
Makki roti,1
chicken lolly pop,1
chicken sheekh kebab,1
corn fritters,1
peanut masala,1
cheese starters,1
Bucket beers,1
gulaab jamoon,1
waffels,1
karaokes,1
ukha,1
ladkiya,1
tmko jo k,1
aha,1
badtameez ladkia,1
Spring roll,1
frankie,1
pallette,1
banana pancakes,1
monster chicken,1
chicken pizza squares,1
desi shawarma,1
Penne alfredo,1
rice-Veg-khuchamber raita,1
nutella pancakes,1
sugarcane juice,1
irani onion samosas,1
Irani samosas,1
yellow mustard sauce,1
Fish Roll,1
fruit buiscuits,1
Bombay biscuits,1
paneer burji,1
Bheja fry,1
Irani chai n biscuits,1
maska bun,1
baking soda/powder,1
fruit nankhatai,1
Bombay khari,1
Keema,1
Bun maska,1
Mutton Keema Pav,1
Dum Ki Chai,1
baida roti,1
pasta sandwiches,1
bheja n roti,1
kheema pav,1
Ferrero rocher shake,1
Nutella Pancakes,1
slimy monster bowl,1
desi chicken shawarma,1
bell pepper omelette,1
chicken shwrma,1
waffle+ ice-cream,1
colddrink,1
periperi chicken shawarma,1
nutella waffles,1
waffle witch,1
Strips,1
egg waffle witch,1
shambles,1
chicken rice bowl,1
chocochip and Nutella pancakes,1
citrus mint,1
iron,1
pizza squares,1
cupid crunchy chicken rice bowl,1
pan cake,1
Choco banana Waffle,1
chicken Peri peri shawarma,1
chocolate chips pancakes,1
iron monster rice bowl,1
chicken sabbha shawarama,1
non veg rolls,1
chicken makhani,1
bowl,1
Focaccia Sandwich,1
New York Cheese Cake Chocolate Truffle Litchi cake Red Velvet,1
Waffle fries,1
Blueberry Cake,1
paneer roti,1
cream of mayo,1
deli cheesy enchiladas,1
Golds,1
Garlic and Chilli spiced Chicken Pizza,1
Cape Ground Chicken Lasagne,1
Kheema pav,1
Chicken lasagna,1
tex mex lamb burger,1
Punjab putter,1
ra,1
garden veg pizzas,1
cajun marinated chicken breast,1
aloo  pulav,1
fish steak,1
chicken stuffed steak,1
limca,1
Ginger Lime fizz,1
garden veg,1
tenderloin steak,1
Pan Fried Fish steak sizzler,1
rice/roti,1
Veg pasta Lasagne Butter chicken Biryani Colsaw salad,1
chilli peppers rice bowl,1
Kung Pao chicken rice bowl,1
Pineapple lemonade,1
nachos chaat,1
Paav bhaji,1
Orange Frioska,1
Tangy Arrabita Pasta,1
Pineapple espresso,1
keema puff,1
minestrone,1
penne Alfredo,1
wild mushroom fricassee,1
tiramasu,1
mushroom risoto,1
tomato arabiatta,1
florenten garden,1
Fried Chicken,1
Noodle bowls,1
Green peas veg soup,1
veg manchurian bowl,1
thai curry rice,1
Kashmiri kebab,1
Bistro garden Pizza,1
ro garden veg pizza,1
Penne pasta,1
sub sandwich,1
Lamb Pizza,1
tower burger,1
chilli prawn,1
punjab puttar,1
Bistro,1
Deli,1
Chicken Sizzler,1
Teriyaki mushroom,1
deli  spl pizza,1
mustard seeds,1
curry patta,1
chicken khou sey,1
cuppa,1
cottege cheese steak,1
punjabi puttar,1
chocolate nougat pastry,1
black dal,1
lemon butter sauce,1
teriyaki Borcolli kababs,1
Kun pao chicken,1
virgin motijo,1
Bat,1
Quinnoa,1
Margarita pizza,1
and,1
noodle bowls,1
chocolate cremeux,1
lamb lasagna,1
whiskeys,1
white sause Alfredo,1
non veg mezzeh,1
cottage cheese steak,1
munchuria noodles,1
lemon corainder soup,1
veges,1
Cottage steak,1
bao's,1
Cajun chicken breast sizzler,1
Fish and chips,1
Ginger chicken bao,1
Pepper chicken bao,1
Fanta,1
veg shawarma wrap,1
veggie  burger,1
garden veg pizza,1
rice bowl mongolian chicken,1
cottage tikki,1
fish in fish and chips,1
blueberry Cheesecake,1
veg stroganoff,1
Beef Grilled tender loin steak,1
Chicken Loaded Burger,1
citrus iced green tea,1
stroganoff,1
Enchilada,1
enchilada,1
chicken pizzas,1
mash potatoes,1
Chicken Steak,1
🍉 mojito,1
Kickass,1
Andhra chicken pizza,1
Prawn n fish risotto,1
Alfredo Chicken Pasta,1
salsa pasta,1
dominos pasta,1
Stuffed Chicken Breast,1
KFC Friend Chicken,1
Gacchibowli Fried Chicken,1
Rustic Itallian Minestrone,1
herb,1
Cream cheese ravioli,1
cream cheese ravioli,1
Arabian shawarma peices,1
pasta sauce,1
beer cocktail,1
prawn and fish paella,1
Chicken chilli nuggets,1
Prawn and Fish Paella,1
Hummus Hummus Hummus,1
rissoto,1
Chicken & Sausage paella,1
Cheese lovers,1
Pit Master oizza,1
white sause pasta,1
tomoto pastas,1
cheese steak,1
lof oil,1
g pizza,1
pizza sauce,1
Moctain,1
fruits cookies,1
diet chips,1
noddles,1
biscuits cookies,1
Karachi,1
coconut biscuits,1
sugar/chocolate,1
cheese egg club sandwich,1
biscuits sandwich pastas chocolates,1
ry cake,1
vlvte cake,1
candies,1
keshar pista,1
red pepper,1
Pastry,1
Paninis,1
garlic breads,1
chese cake,1
Chese Balls,1
tomato arabitta,1
lamb doner kebab,1
Bakhlava,1
Turkish Pizza,1
Chicken Breast,1
vallet,1
Cheese garlic bread,1
Rosetto,1
belly dance Pizza,1
cherry tomatoes,1
aglio Olio,1
dbc cake,1
Greek chicken sovlakhi,1
Stuffed chicken breast,1
Spinach ravioli,1
tiramisu cake,1
Mushroom khari,1
Mushrooms fricasse pasta,1
Turkish lamb pizza,1
House chicken salad,1
Chermoula,1
spaghetti aglio e olio,1
doner kebabs,1
ricotta cheese,1
Lamb ravioli,1
Chicken ala plancha,1
Dark chocolate shake,1
% arabica cold coffee,1
Baby Back Ribs,1
Chicken Souvlaki,1
Greek Chicken Souvlaki,1
Barbecue Pork Ribs,1
Barbecue,1
Frio Signature Chicken Wings,1
Doner kebab,1
lamb meat balls,1
spinich,1
veg pasta,1
olive,1
chocolate fondant,1
pizza and ravioli,1
Arabiata pasta,1
masala mixture,1
lamb bolognese,1
chilli water,1
fish paella,1
mushrooms khari,1
fondant cake,1
cheese rolls,1
cranberry kiss,1
cherry chocolate cheese cake,1
baby corn a la plancha,1
Artichoke,1
Corn cheese ravioli,1
Chilli Cheese Rolls,1
olive bruschetta,1
li fried chicken,1
Gach,1
Red Rooster pizza,1
 soups,1
ato,1
fiery chicken,1
pepper chicken starter,1
